ticker,name,sector,industry,country,market_cap,n_years,fiscal_years,roic_avg,roic_trend,roic_latest,fcf_margin_avg,fcf_positive_years,fcf_years,rev_cagr,net_debt,ebitda_latest,nd_to_ebitda,net_cash,share_change,gm_avg,gm_std,exclude_reason,exchange,currency,price,market_cap_usd,dollar_volume_usd
JPM,JPMorgan Chase & Co.,Financial Services,Banks - Diversified,United States,962422898688.0,4,"2022,2023,2024,2025",,,,,,,,,,,,,,,"bank/insurer/lender: ROIC, EBITDA and FCF screens do not apply",NYQ,USD,362.06,962422898688.0,2994521141.0
V,Visa Inc.,Financial Services,Credit Services,United States,707144187904.0,4,"2022,2023,2024,2025",,,,,,,,,,,,,,,"bank/insurer/lender: ROIC, EBITDA and FCF screens do not apply",NYQ,USD,378.75,707144187904.0,2947131772.0
MA,Mastercard Incorporated,Financial Services,Credit Services,United States,513087799296.0,4,"2022,2023,2024,2025",,,,,,,,,,,,,,,"bank/insurer/lender: ROIC, EBITDA and FCF screens do not apply",NYQ,USD,585.71,513087799296.0,1970259912.0
BAC,Bank of America Corporation,Financial Services,Banks - Diversified,United States,440822890496.0,4,"2022,2023,2024,2025",,,,,,,,,,,,,,,"bank/insurer/lender: ROIC, EBITDA and FCF screens do not apply",NYQ,USD,63.04,440822890496.0,2059580407.0
HSBC,HSBC Holdings plc,Financial Services,Banks - Diversified,United Kingdom,364732678144.0,4,"2022,2023,2024,2025",,,,,,,,,,,,,,,"bank/insurer/lender: ROIC, EBITDA and FCF screens do not apply",NYQ,USD,106.46,364732678144.0,144475056.0
MS,Morgan Stanley,Financial Services,Capital Markets,United States,341048459264.0,4,"2022,2023,2024,2025",,,,,,,,,,,,,,,"bank/insurer/lender: ROIC, EBITDA and FCF screens do not apply",NYQ,USD,217.15,341048459264.0,1169917991.0
GS,"The Goldman Sachs Group, Inc.",Financial Services,Capital Markets,United States,302215528448.0,4,"2022,2023,2024,2025",,,,,,,,,,,,,,,"bank/insurer/lender: ROIC, EBITDA and FCF screens do not apply",NYQ,USD,1037.93,302215528448.0,2152446779.0
RY.TO,Royal Bank of Canada,Financial Services,Banks - Diversified,Canada,404765736960.0,4,"2022,2023,2024,2025",,,,,,,,,,,,,,,"bank/insurer/lender: ROIC, EBITDA and FCF screens do not apply",TOR,CAD,292.37,293512687182.0,675670792.0
BABA,Alibaba Group Holding Limited,Consumer Cyclical,Internet Retail,China,277917564928.0,4,"2023,2024,2025,2026",,,,,,,,,,,,,,,country China,NYQ,USD,111.81,277917564928.0,1422044639.0
MUFG,"Mitsubishi UFJ Financial Group, Inc.",Financial Services,Banks - Diversified,Japan,271601598464.0,4,"2023,2024,2025,2026",,,,,,,,,,,,,,,"bank/insurer/lender: ROIC, EBITDA and FCF screens do not apply",NYQ,USD,24.13,271601598464.0,75403523.0
WFC,Wells Fargo & Company,Financial Services,Banks - Diversified,United States,269710491648.0,4,"2022,2023,2024,2025",,,,,,,,,,,,,,,"bank/insurer/lender: ROIC, EBITDA and FCF screens do not apply",NYQ,USD,89.19,269710491648.0,1314218396.0
C,Citigroup Inc.,Financial Services,Banks - Diversified,United States,231721123840.0,4,"2022,2023,2024,2025",,,,,,,,,,,,,,,"bank/insurer/lender: ROIC, EBITDA and FCF screens do not apply",NYQ,USD,138.14,231721123840.0,1610826365.0
AXP,American Express Company,Financial Services,Credit Services,United States,222730698752.0,4,"2022,2023,2024,2025",,,,,,,,,,,,,,,"bank/insurer/lender: ROIC, EBITDA and FCF screens do not apply",NYQ,USD,329.82,222730698752.0,948036587.0
SAN,"Banco Santander, S.A.",Financial Services,Banks - Diversified,Spain,218559184896.0,4,"2022,2023,2024,2025",,,,,,,,,,,,,,,"bank/insurer/lender: ROIC, EBITDA and FCF screens do not apply",NYQ,USD,15.05,218559184896.0,192350980.0
TD.TO,The Toronto-Dominion Bank,Financial Services,Banks - Diversified,Canada,278383001600.0,4,"2022,2023,2024,2025",,,,,,,,,,,,,,,"bank/insurer/lender: ROIC, EBITDA and FCF screens do not apply",TOR,CAD,169.9,201867241726.0,590674158.0
SCHW,The Charles Schwab Corporation,Financial Services,Capital Markets,United States,190884069376.0,4,"2022,2023,2024,2025",,,,,,,,,,,,,,,"bank/insurer/lender: ROIC, EBITDA and FCF screens do not apply",NYQ,USD,110.38,190884069376.0,1016164792.0
BLK,"BlackRock, Inc.",Financial Services,Asset Management,United States,182972563456.0,4,"2022,2023,2024,2025",,,,,,,,,,,,,,,"bank/insurer/lender: ROIC, EBITDA and FCF screens do not apply",NYQ,USD,1126.15,182972563456.0,841467163.0
SMFG,"Sumitomo Mitsui Financial Group, Inc.",Financial Services,Banks - Diversified,Japan,174524153856.0,4,"2023,2024,2025,2026",,,,,,,,,,,,,,,"bank/insurer/lender: ROIC, EBITDA and FCF screens do not apply",NYQ,USD,27.56,174524153856.0,48227244.0
UBS,UBS Group AG,Financial Services,Banks - Diversified,Switzerland,170477797376.0,4,"2022,2023,2024,2025",,,,,,,,,,,,,,,"bank/insurer/lender: ROIC, EBITDA and FCF screens do not apply",NYQ,USD,55.68,170477797376.0,104393541.0
BX,Blackstone Inc.,Financial Services,Asset Management,United States,164568596480.0,4,"2022,2023,2024,2025",,,,,,,,,,,,,,,"bank/insurer/lender: ROIC, EBITDA and FCF screens do not apply",NYQ,USD,137.68,164568596480.0,650051852.0
BBVA,"Banco Bilbao Vizcaya Argentaria, S.A.",Financial Services,Banks - Diversified,Spain,163562569728.0,4,"2022,2023,2024,2025",,,,,,,,,,,,,,,"bank/insurer/lender: ROIC, EBITDA and FCF screens do not apply",NYQ,USD,29.64,163562569728.0,46933547.0
IBKR,"Interactive Brokers Group, Inc.",Financial Services,Capital Markets,United States,158369644544.0,4,"2022,2023,2024,2025",,,,,,,,,,,,,,,"bank/insurer/lender: ROIC, EBITDA and FCF screens do not apply",NMS,USD,92.95,158369644544.0,421096032.0
MFG,"Mizuho Financial Group, Inc.",Financial Services,Banks - Regional,Japan,137006546944.0,4,"2023,2024,2025,2026",,,,,,,,,,,,,,,"bank/insurer/lender: ROIC, EBITDA and FCF screens do not apply",NYQ,USD,11.32,137006546944.0,42197892.0
COF,Capital One Financial Corporation,Financial Services,Credit Services,United States,135273414656.0,4,"2022,2023,2024,2025",,,,,,,,,,,,,,,"bank/insurer/lender: ROIC, EBITDA and FCF screens do not apply",NYQ,USD,220.5,135273414656.0,920086304.0
CB,Chubb Limited,Financial Services,Insurance - Property & Casualty,Switzerland,134354804736.0,4,"2022,2023,2024,2025",,,,,,,,,,,,,,,"bank/insurer/lender: ROIC, EBITDA and FCF screens do not apply",NYQ,USD,348.25,134354804736.0,618970496.0
SPGI,S&P Global Inc.,Financial Services,Financial Data & Stock Exchanges,United States,132830978048.0,4,"2022,2023,2024,2025",,,,,,,,,,,,,,,"bank/insurer/lender: ROIC, EBITDA and FCF screens do not apply",NYQ,USD,450.58,132830978048.0,996851928.0
PGR,The Progressive Corporation,Financial Services,Insurance - Property & Casualty,United States,130090860544.0,4,"2022,2023,2024,2025",,,,,,,,,,,,,,,"bank/insurer/lender: ROIC, EBITDA and FCF screens do not apply",NYQ,USD,223.87,130090860544.0,660926700.0
BMO.TO,Bank of Montreal,Financial Services,Banks - Diversified,Canada,169296658432.0,4,"2022,2023,2024,2025",,,,,,,,,,,,,,,"bank/insurer/lender: ROIC, EBITDA and FCF screens do not apply",TOR,CAD,243.56,122764138883.0,382886408.0
HDB,HDFC Bank Limited,Financial Services,Banks - Regional,India,119613095936.0,4,"2023,2024,2025,2026",,,,,,,,,,,,,,,"bank/insurer/lender: ROIC, EBITDA and FCF screens do not apply",NYQ,USD,23.28,119613095936.0,220506973.0
BNS.TO,The Bank of Nova Scotia,Financial Services,Banks - Diversified,Canada,159386402816.0,4,"2022,2023,2024,2025",,,,,,,,,,,,,,,"bank/insurer/lender: ROIC, EBITDA and FCF screens do not apply",TOR,CAD,130.77,115577795053.0,378067198.0
HOOD,"Robinhood Markets, Inc.",Financial Services,Capital Markets,United States,112133545984.0,4,"2022,2023,2024,2025",,,,,,,,,,,,,,,"bank/insurer/lender: ROIC, EBITDA and FCF screens do not apply",NMS,USD,124.72,112133545984.0,3049111532.0
BNY,The Bank of New York Mellon Corporation,Financial Services,Banks - Diversified,United States,111498584064.0,4,"2022,2023,2024,2025",,,,,,,,,,,,,,,"bank/insurer/lender: ROIC, EBITDA and FCF screens do not apply",NYQ,USD,164.33,111498584064.0,572541496.0
IBN,ICICI Bank Limited,Financial Services,Banks - Regional,India,109524443136.0,4,"2023,2024,2025,2026",,,,,,,,,,,,,,,"bank/insurer/lender: ROIC, EBITDA and FCF screens do not apply",NYQ,USD,30.52,109524443136.0,202955803.0
CM.TO,Canadian Imperial Bank of Commerce,Financial Services,Banks - Diversified,Canada,147993477120.0,4,"2022,2023,2024,2025",,,,,,,,,,,,,,,"bank/insurer/lender: ROIC, EBITDA and FCF screens do not apply",TOR,CAD,163.0,107316304688.0,287958156.0
ING,ING Groep N.V.,Financial Services,Banks - Diversified,Netherlands,105811787776.0,4,"2022,2023,2024,2025",,,,,,,,,,,,,,,"bank/insurer/lender: ROIC, EBITDA and FCF screens do not apply",NYQ,USD,37.09,105811787776.0,113661452.0
CME,CME Group Inc.,Financial Services,Financial Data & Stock Exchanges,United States,101419327488.0,4,"2022,2023,2024,2025",,,,,,,,,,,,,,,"bank/insurer/lender: ROIC, EBITDA and FCF screens do not apply",NMS,USD,282.05,101419327488.0,824240356.0
KKR,KKR & Co. Inc.,Financial Services,Asset Management,United States,101373296640.0,4,"2022,2023,2024,2025",,,,,,,,,,,,,,,"bank/insurer/lender: ROIC, EBITDA and FCF screens do not apply",NYQ,USD,109.76,101373296640.0,484220399.0
USB,U.S. Bancorp,Financial Services,Banks - Regional,United States,98983010304.0,4,"2022,2023,2024,2025",,,,,,,,,,,,,,,"bank/insurer/lender: ROIC, EBITDA and FCF screens do not apply",NYQ,USD,63.53,98983010304.0,520070302.0
PNC,"The PNC Financial Services Group, Inc.",Financial Services,Banks - Regional,United States,97813012480.0,4,"2022,2023,2024,2025",,,,,,,,,,,,,,,"bank/insurer/lender: ROIC, EBITDA and FCF screens do not apply",NYQ,USD,245.18,97813012480.0,478876504.0
ICE,"Intercontinental Exchange, Inc.",Financial Services,Financial Data & Stock Exchanges,United States,92399919104.0,4,"2022,2023,2024,2025",,,,,,,,,,,,,,,"bank/insurer/lender: ROIC, EBITDA and FCF screens do not apply",NYQ,USD,164.59,92399919104.0,701601743.0
ITUB,Itaú Unibanco Holding S.A.,Financial Services,Banks - Regional,Brazil,90599792640.0,4,"2022,2023,2024,2025",,,,,,,,,,,,,,,"bank/insurer/lender: ROIC, EBITDA and FCF screens do not apply",NYQ,USD,8.22,90599792640.0,177251649.0
BCS,Barclays PLC,Financial Services,Banks - Diversified,United Kingdom,90256719872.0,4,"2022,2023,2024,2025",,,,,,,,,,,,,,,"bank/insurer/lender: ROIC, EBITDA and FCF screens do not apply",NYQ,USD,26.9,90256719872.0,118402932.0
BN,Brookfield Corporation,Financial Services,Asset Management,Canada,90231644160.0,4,"2022,2023,2024,2025",,,,,,,,,,,,,,,"bank/insurer/lender: ROIC, EBITDA and FCF screens do not apply",NYQ,USD,40.42,90231644160.0,161955099.0
MRSH,"Marsh & McLennan Companies, Inc.",Financial Services,Insurance Brokers,United States,89935241216.0,4,"2022,2023,2024,2025",,,,,,,,,,,,,,,"bank/insurer/lender: ROIC, EBITDA and FCF screens do not apply",NYQ,USD,188.46,89935241216.0,459363900.0
LYG,Lloyds Banking Group plc,Financial Services,Banks - Regional,United Kingdom,88270716928.0,4,"2022,2023,2024,2025",,,,,,,,,,,,,,,"bank/insurer/lender: ROIC, EBITDA and FCF screens do not apply",NYQ,USD,6.1,88270716928.0,116070770.0
MCO,Moody's Corporation,Financial Services,Financial Data & Stock Exchanges,United States,87335174144.0,4,"2022,2023,2024,2025",,,,,,,,,,,,,,,"bank/insurer/lender: ROIC, EBITDA and FCF screens do not apply",NYQ,USD,504.3,87335174144.0,448471973.0
BAM,Brookfield Asset Management Ltd.,Financial Services,Asset Management,United States,80325787648.0,3,"2023,2024,2025",,,,,,,,,,,,,,,"bank/insurer/lender: ROIC, EBITDA and FCF screens do not apply",NYQ,USD,50.29,80325787648.0,125366332.0
APO,"Apollo Global Management, Inc.",Financial Services,Asset Management,United States,79422152704.0,4,"2022,2023,2024,2025",,,,,,,,,,,,,,,"bank/insurer/lender: ROIC, EBITDA and FCF screens do not apply",NYQ,USD,134.49,79422152704.0,538499036.0
DB,Deutsche Bank Aktiengesellschaft,Financial Services,Banks - Regional,Germany,78091247616.0,4,"2022,2023,2024,2025",,,,,,,,,,,,,,,"bank/insurer/lender: ROIC, EBITDA and FCF screens do not apply",NYQ,USD,41.56,78091247616.0,91659624.0
TRV,"The Travelers Companies, Inc.",Financial Services,Insurance - Property & Casualty,United States,78077976576.0,4,"2022,2023,2024,2025",,,,,,,,,,,,,,,"bank/insurer/lender: ROIC, EBITDA and FCF screens do not apply",NYQ,USD,374.34,78077976576.0,732055561.0
NU,Nu Holdings Ltd.,Financial Services,Banks - Regional,Brazil,75745198080.0,4,"2022,2023,2024,2025",,,,,,,,,,,,,,,"bank/insurer/lender: ROIC, EBITDA and FCF screens do not apply",NYQ,USD,15.68,75745198080.0,1184208621.0
NWG,NatWest Group plc,Financial Services,Banks - Regional,United Kingdom,75233378304.0,4,"2022,2023,2024,2025",,,,,,,,,,,,,,,"bank/insurer/lender: ROIC, EBITDA and FCF screens do not apply",NYQ,USD,18.95,75233378304.0,80986274.0
NTES,"NetEase, Inc.",Communication Services,Electronic Gaming & Multimedia,China,74941284352.0,4,"2022,2023,2024,2025",,,,,,,,,,,,,,,country China,NMS,USD,117.05,74941284352.0,106950224.0
MFC.TO,Manulife Financial Corporation,Financial Services,Insurance - Life,Canada,101911093248.0,4,"2022,2023,2024,2025",,,,,,,,,,,,,,,"bank/insurer/lender: ROIC, EBITDA and FCF screens do not apply",TOR,CAD,61.42,73900026859.0,238297343.0
AON,Aon plc,Financial Services,Insurance Brokers,Ireland,69365022720.0,4,"2022,2023,2024,2025",,,,,,,,,,,,,,,"bank/insurer/lender: ROIC, EBITDA and FCF screens do not apply",NYQ,USD,327.0,69365022720.0,462392715.0
AJG,Arthur J. Gallagher & Co.,Financial Services,Insurance Brokers,United States,68355891200.0,4,"2022,2023,2024,2025",,,,,,,,,,,,,,,"bank/insurer/lender: ROIC, EBITDA and FCF screens do not apply",NYQ,USD,266.66,68355891200.0,428205828.0
ALL,The Allstate Corporation,Financial Services,Insurance - Property & Casualty,United States,66529452032.0,4,"2022,2023,2024,2025",,,,,,,,,,,,,,,"bank/insurer/lender: ROIC, EBITDA and FCF screens do not apply",NYQ,USD,263.11,66529452032.0,452526046.0
MET,"MetLife, Inc.",Financial Services,Insurance - Life,United States,63058378752.0,4,"2022,2023,2024,2025",,,,,,,,,,,,,,,"bank/insurer/lender: ROIC, EBITDA and FCF screens do not apply",NYQ,USD,99.23,63058378752.0,362611128.0
TFC,Truist Financial Corporation,Financial Services,Banks - Regional,United States,63048130560.0,4,"2022,2023,2024,2025",,,,,,,,,,,,,,,"bank/insurer/lender: ROIC, EBITDA and FCF screens do not apply",NYQ,USD,51.61,63048130560.0,425954310.0
NA.TO,National Bank of Canada,Financial Services,Banks - Diversified,Canada,83922567168.0,4,"2022,2023,2024,2025",,,,,,,,,,,,,,,"bank/insurer/lender: ROIC, EBITDA and FCF screens do not apply",TOR,CAD,217.9,60855788807.0,216957479.0
GWO.TO,Great-West Lifeco Inc.,Financial Services,Insurance - Life,Canada,81839185920.0,4,"2022,2023,2024,2025",,,,,,,,,,,,,,,"bank/insurer/lender: ROIC, EBITDA and FCF screens do not apply",TOR,CAD,91.42,59345041299.0,90507086.0
AFL,Aflac Incorporated,Financial Services,Insurance - Life,United States,59338993664.0,4,"2022,2023,2024,2025",,,,,,,,,,,,,,,"bank/insurer/lender: ROIC, EBITDA and FCF screens do not apply",NYQ,USD,118.36,59338993664.0,270293287.0
NDAQ,"Nasdaq, Inc.",Financial Services,Financial Data & Stock Exchanges,United States,55176654848.0,4,"2022,2023,2024,2025",,,,,,,,,,,,,,,"bank/insurer/lender: ROIC, EBITDA and FCF screens do not apply",NMS,USD,98.71,55176654848.0,381426496.0
STT,State Street Corporation,Financial Services,Asset Management,United States,53275660288.0,4,"2022,2023,2024,2025",,,,,,,,,,,,,,,"bank/insurer/lender: ROIC, EBITDA and FCF screens do not apply",NYQ,USD,193.94,53275660288.0,406387694.0
COIN,"Coinbase Global, Inc.",Financial Services,Financial Data & Stock Exchanges,United States,50841374720.0,4,"2022,2023,2024,2025",,,,,,,,,,,,,,,"bank/insurer/lender: ROIC, EBITDA and FCF screens do not apply",NMS,USD,192.7,50841374720.0,1644745758.0
AMP,"Ameriprise Financial, Inc.",Financial Services,Asset Management,United States,49915334656.0,4,"2022,2023,2024,2025",,,,,,,,,,,,,,,"bank/insurer/lender: ROIC, EBITDA and FCF screens do not apply",NYQ,USD,565.08,49915334656.0,329693666.0
FITB,Fifth Third Bancorp,Financial Services,Banks - Regional,United States,49851883520.0,4,"2022,2023,2024,2025",,,,,,,,,,,,,,,"bank/insurer/lender: ROIC, EBITDA and FCF screens do not apply",NYQ,USD,54.97,49851883520.0,345172461.0
PYPL,"PayPal Holdings, Inc.",Financial Services,Credit Services,United States,48607285248.0,4,"2022,2023,2024,2025",,,,,,,,,,,,,,,"bank/insurer/lender: ROIC, EBITDA and FCF screens do not apply",NMS,USD,56.82,48607285248.0,905590796.0
ARES,Ares Management Corporation,Financial Services,Asset Management,United States,46679896064.0,4,"2022,2023,2024,2025",,,,,,,,,,,,,,,"bank/insurer/lender: ROIC, EBITDA and FCF screens do not apply",NYQ,USD,141.52,46679896064.0,316300030.0
KB,KB Financial Group Inc.,Financial Services,Banks - Regional,South Korea,46472404992.0,4,"2022,2023,2024,2025",,,,,,,,,,,,,,,"bank/insurer/lender: ROIC, EBITDA and FCF screens do not apply",NYQ,USD,132.36,46472404992.0,37284224.0
RVMD,"Revolution Medicines, Inc.",Healthcare,Biotechnology,United States,45197119488.0,2,"2022,2023",,,,,,,,,,,,,,,only 2 years of statements,NMS,USD,210.87,45197119488.0,496111740.0
BSBR,Banco Santander (Brasil) S.A.,Financial Services,Banks - Regional,Brazil,45074915328.0,4,"2022,2023,2024,2025",,,,,,,,,,,,,,,"bank/insurer/lender: ROIC, EBITDA and FCF screens do not apply",NYQ,USD,6.02,45074915328.0,18460763.0
SLF.TO,Sun Life Financial Inc.,Financial Services,Insurance - Diversified,Canada,61956763648.0,4,"2022,2023,2024,2025",,,,,,,,,,,,,,,"bank/insurer/lender: ROIC, EBITDA and FCF screens do not apply",TOR,CAD,111.29,44927459335.0,148875957.0
IX,ORIX Corporation,Financial Services,Financial Conglomerates,Japan,42837032960.0,4,"2023,2024,2025,2026",,,,,,,,,,,,,,,"bank/insurer/lender: ROIC, EBITDA and FCF screens do not apply",NYQ,USD,41.19,42837032960.0,10866746.0
POW.TO,Power Corporation of Canada,Financial Services,Insurance - Life,Canada,59018948608.0,4,"2022,2023,2024,2025",,,,,,,,,,,,,,,"bank/insurer/lender: ROIC, EBITDA and FCF screens do not apply",TOR,CAD,94.02,42797125890.0,139628536.0
PRU,"Prudential Financial, Inc.",Financial Services,Insurance - Life,United States,42503999488.0,4,"2022,2023,2024,2025",,,,,,,,,,,,,,,"bank/insurer/lender: ROIC, EBITDA and FCF screens do not apply",NYQ,USD,123.2,42503999488.0,226194707.0
MSCI,MSCI Inc.,Financial Services,Financial Data & Stock Exchanges,United States,41777057792.0,4,"2022,2023,2024,2025",,,,,,,,,,,,,,,"bank/insurer/lender: ROIC, EBITDA and FCF screens do not apply",NYQ,USD,574.65,41777057792.0,386415922.0
RKT,"Rocket Companies, Inc.",Financial Services,Mortgage Finance,United States,40265953280.0,4,"2022,2023,2024,2025",,,,,,,,,,,,,,,"bank/insurer/lender: ROIC, EBITDA and FCF screens do not apply",NYQ,USD,14.22,40265953280.0,422643399.0
AIG,"American International Group, Inc.",Financial Services,Insurance - Diversified,United States,40189571072.0,4,"2022,2023,2024,2025",,,,,,,,,,,,,,,"bank/insurer/lender: ROIC, EBITDA and FCF screens do not apply",NYQ,USD,76.86,40189571072.0,287869907.0
SHG,"Shinhan Financial Group Co., Ltd.",Financial Services,Banks - Regional,South Korea,39773913088.0,4,"2022,2023,2024,2025",,,,,,,,,,,,,,,"bank/insurer/lender: ROIC, EBITDA and FCF screens do not apply",NYQ,USD,84.47,39773913088.0,20216796.0
HIG,"The Hartford Insurance Group, Inc.",Financial Services,Insurance - Diversified,United States,37922078720.0,4,"2022,2023,2024,2025",,,,,,,,,,,,,,,"bank/insurer/lender: ROIC, EBITDA and FCF screens do not apply",NYQ,USD,140.0,37922078720.0,225705200.0
JD,"JD.com, Inc.",Consumer Cyclical,Internet Retail,China,37462867968.0,4,"2022,2023,2024,2025",,,,,,,,,,,,,,,country China,NMS,USD,27.74,37462867968.0,227188214.0
BBD,Banco Bradesco S.A.,Financial Services,Banks - Regional,Brazil,36638552064.0,4,"2022,2023,2024,2025",,,,,,,,,,,,,,,"bank/insurer/lender: ROIC, EBITDA and FCF screens do not apply",NYQ,USD,3.46,36638552064.0,107376744.0
PUK,Prudential plc,Financial Services,Insurance - Life,Hong Kong,34896404480.0,4,"2022,2023,2024,2025",,,,,,,,,,,,,,,"bank/insurer/lender: ROIC, EBITDA and FCF screens do not apply",NYQ,USD,28.35,34896404480.0,33355419.0
FFH.TO,Fairfax Financial Holdings Limited,Financial Services,Insurance - Property & Casualty,Canada,48043343872.0,4,"2022,2023,2024,2025",,,,,,,,,,,,,,,"bank/insurer/lender: ROIC, EBITDA and FCF screens do not apply",TOR,CAD,2313.21,34838252533.0,102177510.0
RJF,"Raymond James Financial, Inc.",Financial Services,Asset Management,United States,34789310464.0,4,"2022,2023,2024,2025",,,,,,,,,,,,,,,"bank/insurer/lender: ROIC, EBITDA and FCF screens do not apply",NYQ,USD,181.1,34789310464.0,235025423.0
MTB,M&T Bank Corporation,Financial Services,Banks - Regional,United States,34668564480.0,4,"2022,2023,2024,2025",,,,,,,,,,,,,,,"bank/insurer/lender: ROIC, EBITDA and FCF screens do not apply",NYQ,USD,240.06,34668564480.0,265067050.0
HBAN,Huntington Bancshares Incorporated,Financial Services,Banks - Regional,United States,34468278272.0,4,"2022,2023,2024,2025",,,,,,,,,,,,,,,"bank/insurer/lender: ROIC, EBITDA and FCF screens do not apply",NMS,USD,17.06,34468278272.0,398949158.0
IFC.TO,Intact Financial Corporation,Financial Services,Insurance - Property & Casualty,Canada,47400906752.0,4,"2022,2023,2024,2025",,,,,,,,,,,,,,,"bank/insurer/lender: ROIC, EBITDA and FCF screens do not apply",TOR,CAD,268.79,34372394314.0,89012323.0
NTRS,Northern Trust Corporation,Financial Services,Asset Management,United States,34294122496.0,4,"2022,2023,2024,2025",,,,,,,,,,,,,,,"bank/insurer/lender: ROIC, EBITDA and FCF screens do not apply",NMS,USD,187.445,34294122496.0,200197258.0
ACGL,Arch Capital Group Ltd.,Financial Services,Insurance - Diversified,Bermuda,34064904192.0,4,"2022,2023,2024,2025",,,,,,,,,,,,,,,"bank/insurer/lender: ROIC, EBITDA and FCF screens do not apply",NMS,USD,99.83,34064904192.0,198958195.0
BIDU,"Baidu, Inc.",Communication Services,Internet Content & Information,China,32419448832.0,4,"2022,2023,2024,2025",,,,,,,,,,,,,,,country China,NMS,USD,95.58,32419448832.0,247357790.0
WTW,Willis Towers Watson Public Limited Company,Financial Services,Insurance Brokers,United Kingdom,31767773184.0,4,"2022,2023,2024,2025",,,,,,,,,,,,,,,"bank/insurer/lender: ROIC, EBITDA and FCF screens do not apply",NMS,USD,342.06,31767773184.0,202758801.0
NMR,"Nomura Holdings, Inc.",Financial Services,Capital Markets,Japan,31037937664.0,4,"2023,2024,2025,2026",,,,,,,,,,,,,,,"bank/insurer/lender: ROIC, EBITDA and FCF screens do not apply",NYQ,USD,10.62,31037937664.0,11024601.0
BAP,Credicorp Ltd.,Financial Services,Banks - Regional,Peru,30512109568.0,4,"2022,2023,2024,2025",,,,,,,,,,,,,,,"bank/insurer/lender: ROIC, EBITDA and FCF screens do not apply",NYQ,USD,384.19,30512109568.0,149112591.0
CFG,"Citizens Financial Group, Inc.",Financial Services,Banks - Regional,United States,29831954432.0,4,"2022,2023,2024,2025",,,,,,,,,,,,,,,"bank/insurer/lender: ROIC, EBITDA and FCF screens do not apply",NYQ,USD,70.83,29831954432.0,296572930.0
LPLA,LPL Financial Holdings Inc.,Financial Services,Capital Markets,United States,28382658560.0,4,"2022,2023,2024,2025",,,,,,,,,,,,,,,"bank/insurer/lender: ROIC, EBITDA and FCF screens do not apply",NMS,USD,360.45,28382658560.0,297318264.0
CINF,Cincinnati Financial Corporation,Financial Services,Insurance - Property & Casualty,United States,26815684608.0,4,"2022,2023,2024,2025",,,,,,,,,,,,,,,"bank/insurer/lender: ROIC, EBITDA and FCF screens do not apply",NMS,USD,174.72,26815684608.0,134364922.0
SYF,Synchrony Financial,Financial Services,Credit Services,United States,25980862464.0,4,"2022,2023,2024,2025",,,,,,,,,,,,,,,"bank/insurer/lender: ROIC, EBITDA and FCF screens do not apply",NYQ,USD,79.85,25980862464.0,286719790.0
RF,Regions Financial Corporation,Financial Services,Banks - Regional,United States,25932736512.0,4,"2022,2023,2024,2025",,,,,,,,,,,,,,,"bank/insurer/lender: ROIC, EBITDA and FCF screens do not apply",NYQ,USD,30.44,25932736512.0,289325990.0
WRB,W. R. Berkley Corporation,Financial Services,Insurance - Property & Casualty,United States,25800312832.0,4,"2022,2023,2024,2025",,,,,,,,,,,,,,,"bank/insurer/lender: ROIC, EBITDA and FCF screens do not apply",NYQ,USD,69.5,25800312832.0,132309444.0
PFG,"Principal Financial Group, Inc.",Financial Services,Asset Management,United States,25373540352.0,4,"2022,2023,2024,2025",,,,,,,,,,,,,,,"bank/insurer/lender: ROIC, EBITDA and FCF screens do not apply",NMS,USD,118.51,25373540352.0,162413452.0
AFRM,"Affirm Holdings, Inc.",Financial Services,Credit Services,United States,25070399488.0,4,"2022,2023,2024,2025",,,,,,,,,,,,,,,"bank/insurer/lender: ROIC, EBITDA and FCF screens do not apply",NMS,USD,74.3,25070399488.0,326023199.0
FCNCA,"First Citizens BancShares, Inc.",Financial Services,Banks - Regional,United States,24883599360.0,4,"2022,2023,2024,2025",,,,,,,,,,,,,,,"bank/insurer/lender: ROIC, EBITDA and FCF screens do not apply",NMS,USD,2203.43,24883599360.0,167410001.0
BRO,"Brown & Brown, Inc.",Financial Services,Insurance Brokers,United States,24279326720.0,4,"2022,2023,2024,2025",,,,,,,,,,,,,,,"bank/insurer/lender: ROIC, EBITDA and FCF screens do not apply",NYQ,USD,72.56,24279326720.0,185527721.0
CIB,Grupo Cibest S.A.,Financial Services,Banks - Regional,Colombia,24058179584.0,4,"2022,2023,2024,2025",,,,,,,,,,,,,,,"bank/insurer/lender: ROIC, EBITDA and FCF screens do not apply",NYQ,USD,101.87,24058179584.0,34593320.0
SOFI,"SoFi Technologies, Inc.",Financial Services,Credit Services,United States,23906967552.0,4,"2022,2023,2024,2025",,,,,,,,,,,,,,,"bank/insurer/lender: ROIC, EBITDA and FCF screens do not apply",NMS,USD,18.51,23906967552.0,1321204318.0
TROW,"T. Rowe Price Group, Inc.",Financial Services,Asset Management,United States,23652460544.0,4,"2022,2023,2024,2025",,,,,,,,,,,,,,,"bank/insurer/lender: ROIC, EBITDA and FCF screens do not apply",NMS,USD,110.88,23652460544.0,217837066.0
KEY,KeyCorp,Financial Services,Banks - Regional,United States,23604885504.0,4,"2022,2023,2024,2025",,,,,,,,,,,,,,,"bank/insurer/lender: ROIC, EBITDA and FCF screens do not apply",NYQ,USD,22.12,23604885504.0,238880516.0
HSAI,Hesai Group,Consumer Cyclical,Auto Parts,China,23206760448.0,4,"2022,2023,2024,2025",,,,,,,,,,,,,,,country China,NMS,USD,18.46,23206760448.0,32584706.0
MKL,Markel Group Inc.,Financial Services,Insurance - Property & Casualty,United States,22834444288.0,4,"2022,2023,2024,2025",,,,,,,,,,,,,,,"bank/insurer/lender: ROIC, EBITDA and FCF screens do not apply",NYQ,USD,1842.98,22834444288.0,128273251.0
TW,Tradeweb Markets Inc.,Financial Services,Capital Markets,United States,22756415488.0,4,"2022,2023,2024,2025",,,,,,,,,,,,,,,"bank/insurer/lender: ROIC, EBITDA and FCF screens do not apply",NMS,USD,105.34,22756415488.0,163878913.0
L,Loews Corporation,Financial Services,Insurance - Property & Casualty,United States,22495225856.0,4,"2022,2023,2024,2025",,,,,,,,,,,,,,,"bank/insurer/lender: ROIC, EBITDA and FCF screens do not apply",NYQ,USD,110.04,22495225856.0,86402968.0
BCH,Banco de Chile,Financial Services,Banks - Regional,Chile,21678264320.0,4,"2022,2023,2024,2025",,,,,,,,,,,,,,,"bank/insurer/lender: ROIC, EBITDA and FCF screens do not apply",NYQ,USD,42.92,21678264320.0,13430269.0
TPG,TPG Inc.,Financial Services,Asset Management,United States,20787947520.0,4,"2022,2023,2024,2025",,,,,,,,,,,,,,,"bank/insurer/lender: ROIC, EBITDA and FCF screens do not apply",NMS,USD,53.225,20787947520.0,136435900.0
BEKE,KE Holdings Inc.,Real Estate,Real Estate Services,China,19747475456.0,4,"2022,2023,2024,2025",,,,,,,,,,,,,,,country China,NYQ,USD,17.91,19747475456.0,71054594.0
WF,Woori Financial Group Inc.,Financial Services,Banks - Regional,South Korea,18773614592.0,4,"2022,2023,2024,2025",,,,,,,,,,,,,,,"bank/insurer/lender: ROIC, EBITDA and FCF screens do not apply",NYQ,USD,77.36,18773614592.0,11809700.0
OWL,Blue Owl Capital Inc.,Financial Services,Asset Management,United States,18555133952.0,4,"2022,2023,2024,2025",,,,,,,,,,,,,,,"bank/insurer/lender: ROIC, EBITDA and FCF screens do not apply",NYQ,USD,11.84,18555133952.0,242469714.0
EWBC,"East West Bancorp, Inc.",Financial Services,Banks - Regional,United States,17895118848.0,4,"2022,2023,2024,2025",,,,,,,,,,,,,,,"bank/insurer/lender: ROIC, EBITDA and FCF screens do not apply",NMS,USD,130.61,17895118848.0,112747907.0
NLY,"Annaly Capital Management, Inc.",Real Estate,REIT - Mortgage,United States,17207300096.0,4,"2022,2023,2024,2025",,,,,,,,,,,,,,,"bank/insurer/lender: ROIC, EBITDA and FCF screens do not apply",NYQ,USD,22.83,17207300096.0,169100486.0
FUTU,Futu Holdings Limited,Financial Services,Capital Markets,Hong Kong,17105130496.0,4,"2022,2023,2024,2025",,,,,,,,,,,,,,,"bank/insurer/lender: ROIC, EBITDA and FCF screens do not apply",NGM,USD,122.01,17105130496.0,199358240.0
BEN,Franklin Templeton Inc.,Financial Services,Asset Management,United States,17045979136.0,4,"2022,2023,2024,2025",,,,,,,,,,,,,,,"bank/insurer/lender: ROIC, EBITDA and FCF screens do not apply",NYQ,USD,33.55,17045979136.0,141990008.0
CG,The Carlyle Group Inc.,Financial Services,Asset Management,United States,17014891520.0,4,"2022,2023,2024,2025",,,,,,,,,,,,,,,"bank/insurer/lender: ROIC, EBITDA and FCF screens do not apply",NMS,USD,47.75,17014891520.0,174198542.0
BSAC,Banco Santander-Chile,Financial Services,Banks - Regional,Chile,16894195712.0,1,2021,,,,,,,,,,,,,,,only 1 years of statements,NYQ,USD,35.86,16894195712.0,11915453.0
RGA,"Reinsurance Group of America, Incorporated",Financial Services,Insurance - Reinsurance,United States,16711349248.0,4,"2022,2023,2024,2025",,,,,,,,,,,,,,,"bank/insurer/lender: ROIC, EBITDA and FCF screens do not apply",NYQ,USD,255.91,16711349248.0,91638300.0
RYAN,"Ryan Specialty Holdings, Inc.",Financial Services,Insurance Brokers,United States,16512857088.0,4,"2022,2023,2024,2025",,,,,,,,,,,,,,,"bank/insurer/lender: ROIC, EBITDA and FCF screens do not apply",NYQ,USD,42.34,16512857088.0,93861471.0
IREN,IREN Limited,Financial Services,Capital Markets,Australia,16412544000.0,4,"2022,2023,2024,2025",,,,,,,,,,,,,,,"bank/insurer/lender: ROIC, EBITDA and FCF screens do not apply",NMS,USD,41.65,16412544000.0,1858245113.0
TRU,TransUnion,Financial Services,Financial Data & Stock Exchanges,United States,16270671872.0,4,"2022,2023,2024,2025",,,,,,,,,,,,,,,"bank/insurer/lender: ROIC, EBITDA and FCF screens do not apply",NYQ,USD,84.92,16270671872.0,200233123.0
ZTO,ZTO Express (Cayman) Inc.,Industrials,Integrated Freight & Logistics,China,15848073216.0,4,"2022,2023,2024,2025",,,,,,,,,,,,,,,country China,NYQ,USD,20.91,15848073216.0,34818391.0
CRBG,"Corebridge Financial, Inc.",Financial Services,Asset Management,United States,15490458624.0,4,"2022,2023,2024,2025",,,,,,,,,,,,,,,"bank/insurer/lender: ROIC, EBITDA and FCF screens do not apply",NYQ,USD,34.75,15490458624.0,156345984.0
PNFP,"Pinnacle Financial Partners, Inc.",Financial Services,Banks - Regional,United States,15318288384.0,4,"2022,2023,2024,2025",,,,,,,,,,,,,,,"bank/insurer/lender: ROIC, EBITDA and FCF screens do not apply",NYQ,USD,101.37,15318288384.0,124925550.0
UNM,Unum Group,Financial Services,Insurance - Life,United States,15287687168.0,4,"2022,2023,2024,2025",,,,,,,,,,,,,,,"bank/insurer/lender: ROIC, EBITDA and FCF screens do not apply",NYQ,USD,96.57,15287687168.0,144517874.0
YUMC,"Yum China Holdings, Inc.",Consumer Cyclical,Restaurants,China,14867343360.0,4,"2022,2023,2024,2025",,,,,,,,,,,,,,,country China,NYQ,USD,43.69,14867343360.0,73625208.0
EG,"Everest Group, Ltd.",Financial Services,Insurance - Reinsurance,Bermuda,14809881600.0,4,"2022,2023,2024,2025",,,,,,,,,,,,,,,"bank/insurer/lender: ROIC, EBITDA and FCF screens do not apply",NYQ,USD,386.25,14809881600.0,146345104.0
EQH,"Equitable Holdings, Inc.",Financial Services,Asset Management,United States,14603880448.0,4,"2022,2023,2024,2025",,,,,,,,,,,,,,,"bank/insurer/lender: ROIC, EBITDA and FCF screens do not apply",NYQ,USD,53.54,14603880448.0,167546684.0
IGM.TO,IGM Financial Inc.,Financial Services,Asset Management,Canada,20087316480.0,4,"2022,2023,2024,2025",,,,,,,,,,,,,,,"bank/insurer/lender: ROIC, EBITDA and FCF screens do not apply",TOR,CAD,87.0,14566159385.0,27901964.0
IVZ,Invesco Ltd.,Financial Services,Asset Management,United States,14441457664.0,4,"2022,2023,2024,2025",,,,,,,,,,,,,,,"bank/insurer/lender: ROIC, EBITDA and FCF screens do not apply",NYQ,USD,32.71,14441457664.0,160201150.0
ARCC,Ares Capital Corporation,Financial Services,Asset Management,United States,14367637504.0,4,"2022,2023,2024,2025",,,,,,,,,,,,,,,"bank/insurer/lender: ROIC, EBITDA and FCF screens do not apply",NMS,USD,20.01,14367637504.0,92712993.0
HTHT,H World Group Limited,Consumer Cyclical,Lodging,China,14250653696.0,4,"2022,2023,2024,2025",,,,,,,,,,,,,,,country China,NMS,USD,46.34,14250653696.0,79918844.0
AIZ,"Assurant, Inc.",Financial Services,Insurance - Property & Casualty,United States,14190941184.0,4,"2022,2023,2024,2025",,,,,,,,,,,,,,,"bank/insurer/lender: ROIC, EBITDA and FCF screens do not apply",NYQ,USD,287.71,14190941184.0,108817676.0
RNR,RenaissanceRe Holdings Ltd.,Financial Services,Insurance - Reinsurance,Bermuda,14043292672.0,4,"2022,2023,2024,2025",,,,,,,,,,,,,,,"bank/insurer/lender: ROIC, EBITDA and FCF screens do not apply",NYQ,USD,337.97,14043292672.0,109262659.0
SMMT,Summit Therapeutics Inc.,Healthcare,Biotechnology,United States,13665451008.0,1,2022,,,,,,,,,,,,,,,only 1 years of statements,NGM,USD,17.13,13665451008.0,88565063.0
AEG,Aegon Ltd.,Financial Services,Insurance - Diversified,Netherlands,13661030400.0,4,"2022,2023,2024,2025",,,,,,,,,,,,,,,"bank/insurer/lender: ROIC, EBITDA and FCF screens do not apply",NYQ,USD,9.2,13661030400.0,46743222.0
GL,Globe Life Inc.,Financial Services,Insurance - Life,United States,13565464576.0,4,"2022,2023,2024,2025",,,,,,,,,,,,,,,"bank/insurer/lender: ROIC, EBITDA and FCF screens do not apply",NYQ,USD,176.52,13565464576.0,110711226.0
ERIE,Erie Indemnity Company,Financial Services,Insurance Brokers,United States,13510132736.0,4,"2022,2023,2024,2025",,,,,,,,,,,,,,,"bank/insurer/lender: ROIC, EBITDA and FCF screens do not apply",NMS,USD,258.37,13510132736.0,74492980.0
SEIC,SEI Investments Company,Financial Services,Asset Management,United States,13377338368.0,4,"2022,2023,2024,2025",,,,,,,,,,,,,,,"bank/insurer/lender: ROIC, EBITDA and FCF screens do not apply",NMS,USD,111.46,13377338368.0,77129763.0
TME,Tencent Music Entertainment Group,Communication Services,Internet Content & Information,China,13364073472.0,4,"2022,2023,2024,2025",,,,,,,,,,,,,,,country China,NYQ,USD,8.2,13364073472.0,78256118.0
CNA,CNA Financial Corporation,Financial Services,Insurance - Property & Casualty,United States,13302742016.0,4,"2022,2023,2024,2025",,,,,,,,,,,,,,,"bank/insurer/lender: ROIC, EBITDA and FCF screens do not apply",NYQ,USD,49.16,13302742016.0,24632306.0
ALLY,Ally Financial Inc.,Financial Services,Credit Services,United States,13260063744.0,4,"2022,2023,2024,2025",,,,,,,,,,,,,,,"bank/insurer/lender: ROIC, EBITDA and FCF screens do not apply",NYQ,USD,43.59,13260063744.0,137054675.0
IAG.TO,iA Financial Corporation Inc.,Financial Services,Insurance - Diversified,Canada,18069407744.0,4,"2022,2023,2024,2025",,,,,,,,,,,,,,,"bank/insurer/lender: ROIC, EBITDA and FCF screens do not apply",TOR,CAD,204.44,13102888754.0,43641708.0
FNF,"Fidelity National Financial, Inc.",Financial Services,Insurance - Specialty,United States,12680157184.0,4,"2022,2023,2024,2025",,,,,,,,,,,,,,,"bank/insurer/lender: ROIC, EBITDA and FCF screens do not apply",NYQ,USD,47.28,12680157184.0,76540363.0
AUR,"Aurora Innovation, Inc.",Consumer Cyclical,Auto Parts,United States,12666261504.0,2,"2022,2025",,,,,,,,,,,,,,,only 2 years of statements,NMS,USD,6.32,12666261504.0,178071246.0
AGNC,AGNC Investment Corp.,Real Estate,REIT - Mortgage,United States,12637232128.0,4,"2022,2023,2024,2025",,,,,,,,,,,,,,,"bank/insurer/lender: ROIC, EBITDA and FCF screens do not apply",NMS,USD,10.66,12637232128.0,181220522.0
MDGL,"Madrigal Pharmaceuticals, Inc.",Healthcare,Biotechnology,United States,12536529920.0,2,"2024,2025",,,,,,,,,,,,,,,only 2 years of statements,NMS,USD,542.61,12536529920.0,191610241.0
SF,Stifel Financial Corp.,Financial Services,Capital Markets,United States,12424422400.0,4,"2022,2023,2024,2025",,,,,,,,,,,,,,,"bank/insurer/lender: ROIC, EBITDA and FCF screens do not apply",NYQ,USD,82.28,12424422400.0,100592319.0
IVN.TO,Ivanhoe Mines Ltd.,Basic Materials,Other Industrial Metals & Mining,Canada,16631510016.0,2,"2024,2025",,,,,,,,,,,,,,,only 2 years of statements,TOR,CAD,11.66,12060208538.0,32810288.0
AFG,"American Financial Group, Inc.",Financial Services,Insurance - Property & Casualty,United States,11968883712.0,4,"2022,2023,2024,2025",,,,,,,,,,,,,,,"bank/insurer/lender: ROIC, EBITDA and FCF screens do not apply",NYQ,USD,144.34,11968883712.0,64499917.0
FHN,First Horizon Corporation,Financial Services,Banks - Regional,United States,11825477632.0,4,"2022,2023,2024,2025",,,,,,,,,,,,,,,"bank/insurer/lender: ROIC, EBITDA and FCF screens do not apply",NYQ,USD,24.96,11825477632.0,127319912.0
LI,Li Auto Inc.,Consumer Cyclical,Auto Manufacturers,China,11789180928.0,4,"2022,2023,2024,2025",,,,,,,,,,,,,,,country China,NMS,USD,12.06,11789180928.0,41981234.0
EVR,Evercore Inc.,Financial Services,Capital Markets,United States,11418498048.0,4,"2022,2023,2024,2025",,,,,,,,,,,,,,,"bank/insurer/lender: ROIC, EBITDA and FCF screens do not apply",NYQ,USD,296.91,11418498048.0,141091038.0
GMIN.TO,G Mining Ventures Corp.,Basic Materials,Gold,Canada,15742750720.0,2,"2024,2025",,,,,,,,,,,,,,,only 2 years of statements,TOR,CAD,53.13,11415731732.0,39069567.0
FDS,FactSet Research Systems Inc.,Financial Services,Financial Data & Stock Exchanges,United States,11130592256.0,4,"2022,2023,2024,2025",,,,,,,,,,,,,,,"bank/insurer/lender: ROIC, EBITDA and FCF screens do not apply",NYQ,USD,312.96,11130592256.0,290521707.0
JEF,Jefferies Financial Group Inc.,Financial Services,Capital Markets,United States,11036049408.0,4,"2022,2023,2024,2025",,,,,,,,,,,,,,,"bank/insurer/lender: ROIC, EBITDA and FCF screens do not apply",NYQ,USD,54.26,11036049408.0,114106881.0
BPOP,"Popular, Inc.",Financial Services,Banks - Regional,United States,10927170560.0,4,"2022,2023,2024,2025",,,,,,,,,,,,,,,"bank/insurer/lender: ROIC, EBITDA and FCF screens do not apply",NMS,USD,171.33,10927170560.0,87463622.0
UMBF,UMB Financial Corporation,Financial Services,Banks - Regional,United States,10894272512.0,4,"2022,2023,2024,2025",,,,,,,,,,,,,,,"bank/insurer/lender: ROIC, EBITDA and FCF screens do not apply",NMS,USD,143.44,10894272512.0,92042579.0
HUT,Hut 8 Corp.,Financial Services,Capital Markets,United States,10857926656.0,4,"2022,2023,2024,2025",,,,,,,,,,,,,,,"bank/insurer/lender: ROIC, EBITDA and FCF screens do not apply",NMS,USD,88.09,10857926656.0,400422873.0
X.TO,TMX Group Limited,Financial Services,Financial Data & Stock Exchanges,Canada,14915263488.0,4,"2022,2023,2024,2025",,,,,,,,,,,,,,,"bank/insurer/lender: ROIC, EBITDA and FCF screens do not apply",TOR,CAD,54.16,10815685881.0,34986738.0
XPEV,XPeng Inc.,Consumer Cyclical,Auto Manufacturers,China,10656452608.0,4,"2022,2023,2024,2025",,,,,,,,,,,,,,,country China,NYQ,USD,11.14,10656452608.0,81800508.0
FRHC,Freedom Holdings Corp.,Financial Services,Financial Conglomerates,United States,10425455616.0,4,"2023,2024,2025,2026",,,,,,,,,,,,,,,"bank/insurer/lender: ROIC, EBITDA and FCF screens do not apply",NCM,USD,163.44,10425455616.0,26024388.0
SSB,SouthState Bank Corporation,Financial Services,Banks - Regional,United States,10386942976.0,4,"2022,2023,2024,2025",,,,,,,,,,,,,,,"bank/insurer/lender: ROIC, EBITDA and FCF screens do not apply",NYQ,USD,107.11,10386942976.0,90904043.0
WTFC,Wintrust Financial Corporation,Financial Services,Banks - Regional,United States,10355756032.0,4,"2022,2023,2024,2025",,,,,,,,,,,,,,,"bank/insurer/lender: ROIC, EBITDA and FCF screens do not apply",NMS,USD,153.52,10355756032.0,90154927.0
ORI,Old Republic International Corporation,Financial Services,Insurance - Property & Casualty,United States,10277799936.0,4,"2022,2023,2024,2025",,,,,,,,,,,,,,,"bank/insurer/lender: ROIC, EBITDA and FCF screens do not apply",NYQ,USD,42.57,10277799936.0,57615856.0
APGE,,,,,,0,,,,,,,,,,,,,,,,only 0 years of statements,NGM,USD,135.07,10223142912.0,380150328.0
XP,XP Inc.,Financial Services,Capital Markets,Cayman Islands,10148859904.0,4,"2022,2023,2024,2025",,,,,,,,,,,,,,,"bank/insurer/lender: ROIC, EBITDA and FCF screens do not apply",NMS,USD,20.0,10148859904.0,105485460.0
ZION,"Zions Bancorporation, National Association",Financial Services,Banks - Regional,United States,10116027392.0,4,"2022,2023,2024,2025",,,,,,,,,,,,,,,"bank/insurer/lender: ROIC, EBITDA and FCF screens do not apply",NMS,USD,69.31,10116027392.0,112228138.0
CFR,"Cullen/Frost Bankers, Inc.",Financial Services,Banks - Regional,United States,10113471488.0,4,"2022,2023,2024,2025",,,,,,,,,,,,,,,"bank/insurer/lender: ROIC, EBITDA and FCF screens do not apply",NYQ,USD,162.73,10113471488.0,97725549.0
ONB,Old National Bancorp,Financial Services,Banks - Regional,United States,9939168256.0,4,"2022,2023,2024,2025",,,,,,,,,,,,,,,"bank/insurer/lender: ROIC, EBITDA and FCF screens do not apply",NMS,USD,25.98,9939168256.0,108645242.0
PRAX,"Praxis Precision Medicines, Inc.",Healthcare,Biotechnology,United States,9915783168.0,2,"2023,2024",,,,,,,,,,,,,,,only 2 years of statements,NMS,USD,355.15,9915783168.0,169921162.0
FCFS,"FirstCash Holdings, Inc.",Financial Services,Credit Services,United States,9711813632.0,4,"2022,2023,2024,2025",,,,,,,,,,,,,,,"bank/insurer/lender: ROIC, EBITDA and FCF screens do not apply",NMS,USD,223.92,9711813632.0,107019205.0
NIO,NIO Inc.,Consumer Cyclical,Auto Manufacturers,China,9671874560.0,4,"2022,2023,2024,2025",,,,,,,,,,,,,,,country China,NYQ,USD,3.86,9671874560.0,109739981.0
HLI,"Houlihan Lokey, Inc.",Financial Services,Capital Markets,United States,9564665856.0,4,"2023,2024,2025,2026",,,,,,,,,,,,,,,"bank/insurer/lender: ROIC, EBITDA and FCF screens do not apply",NYQ,USD,136.86,9564665856.0,116212753.0
VOYA,"Voya Financial, Inc.",Financial Services,Financial Conglomerates,United States,9499933696.0,4,"2022,2023,2024,2025",,,,,,,,,,,,,,,"bank/insurer/lender: ROIC, EBITDA and FCF screens do not apply",NYQ,USD,104.86,9499933696.0,112510795.0
AMG,"Affiliated Managers Group, Inc.",Financial Services,Asset Management,United States,9469389824.0,4,"2022,2023,2024,2025",,,,,,,,,,,,,,,"bank/insurer/lender: ROIC, EBITDA and FCF screens do not apply",NYQ,USD,366.18,9469389824.0,107132916.0
JXN,Jackson Financial Inc.,Financial Services,Insurance - Life,United States,9438001152.0,4,"2022,2023,2024,2025",,,,,,,,,,,,,,,"bank/insurer/lender: ROIC, EBITDA and FCF screens do not apply",NYQ,USD,139.35,9438001152.0,86408566.0
LLYVK,"Liberty Live Holdings, Inc.",Communication Services,Entertainment,United States,9320144896.0,2,"2024,2025",,,,,,,,,,,,,,,only 2 years of statements,NMS,USD,101.3,9320144896.0,36816472.0
PRI,"Primerica, Inc.",Financial Services,Insurance - Life,United States,9166417920.0,4,"2022,2023,2024,2025",,,,,,,,,,,,,,,"bank/insurer/lender: ROIC, EBITDA and FCF screens do not apply",NYQ,USD,297.83,9166417920.0,57551776.0
PCVX,,,,,,0,,,,,,,,,,,,,,,,only 0 years of statements,NMS,USD,61.17,9102418944.0,80184817.0
YMM,Full Truck Alliance Co. Ltd.,Technology,Software - Application,China,8973771776.0,4,"2022,2023,2024,2025",,,,,,,,,,,,,,,country China,NYQ,USD,8.58,8973771776.0,60340420.0
WAL,Western Alliance Bancorporation,Financial Services,Banks - Regional,United States,8837170176.0,4,"2022,2023,2024,2025",,,,,,,,,,,,,,,"bank/insurer/lender: ROIC, EBITDA and FCF screens do not apply",NYQ,USD,81.0,8837170176.0,83482083.0
LNC,Lincoln National Corporation,Financial Services,Insurance - Life,United States,8741484544.0,4,"2022,2023,2024,2025",,,,,,,,,,,,,,,"bank/insurer/lender: ROIC, EBITDA and FCF screens do not apply",NYQ,USD,45.66,8741484544.0,87392829.0
KNSL,"Kinsale Capital Group, Inc.",Financial Services,Insurance - Property & Casualty,United States,8723681280.0,4,"2022,2023,2024,2025",,,,,,,,,,,,,,,"bank/insurer/lender: ROIC, EBITDA and FCF screens do not apply",NYQ,USD,382.98,8723681280.0,112189395.0
PB,"Prosperity Bancshares, Inc.",Financial Services,Banks - Regional,United States,8703201280.0,4,"2022,2023,2024,2025",,,,,,,,,,,,,,,"bank/insurer/lender: ROIC, EBITDA and FCF screens do not apply",NYQ,USD,72.42,8703201280.0,82799596.0
COLB,"Columbia Banking System, Inc.",Financial Services,Banks - Regional,United States,8614374400.0,4,"2022,2023,2024,2025",,,,,,,,,,,,,,,"bank/insurer/lender: ROIC, EBITDA and FCF screens do not apply",NMS,USD,30.45,8614374400.0,90716670.0
SNEX,StoneX Group Inc.,Financial Services,Capital Markets,United States,8387687936.0,4,"2022,2023,2024,2025",,,,,,,,,,,,,,,"bank/insurer/lender: ROIC, EBITDA and FCF screens do not apply",NMS,USD,69.54,8387687936.0,87178821.0
CBSH,"Commerce Bancshares, Inc.",Financial Services,Banks - Regional,United States,8372135936.0,4,"2022,2023,2024,2025",,,,,,,,,,,,,,,"bank/insurer/lender: ROIC, EBITDA and FCF screens do not apply",NMS,USD,58.37,8372135936.0,67789517.0
BOKF,BOK Financial Corporation,Financial Services,Banks - Regional,United States,8346329600.0,4,"2022,2023,2024,2025",,,,,,,,,,,,,,,"bank/insurer/lender: ROIC, EBITDA and FCF screens do not apply",NMS,USD,137.35,8346329600.0,34327886.0
WULF,TeraWulf Inc.,Financial Services,Capital Markets,United States,8098261504.0,4,"2022,2023,2024,2025",,,,,,,,,,,,,,,"bank/insurer/lender: ROIC, EBITDA and FCF screens do not apply",NCM,USD,16.23,8098261504.0,532499321.0
MORN,"Morningstar, Inc.",Financial Services,Financial Data & Stock Exchanges,United States,8093927936.0,4,"2022,2023,2024,2025",,,,,,,,,,,,,,,"bank/insurer/lender: ROIC, EBITDA and FCF screens do not apply",NMS,USD,215.76,8093927936.0,87419263.0
IMVT,,,,,,0,,,,,,,,,,,,,,,,only 0 years of statements,NMS,USD,39.12,8080340992.0,49499005.0
THG,"The Hanover Insurance Group, Inc.",Financial Services,Insurance - Property & Casualty,United States,8067148288.0,4,"2022,2023,2024,2025",,,,,,,,,,,,,,,"bank/insurer/lender: ROIC, EBITDA and FCF screens do not apply",NYQ,USD,231.68,8067148288.0,73959206.0
SIMO,Silicon Motion Technology Corporation,Technology,Semiconductors,Hong Kong,7992056832.0,4,"2022,2023,2024,2025",,,,,,,,,,,,,,,country Hong Kong,NMS,USD,235.7,7992056832.0,234628272.0
RIOT,"Riot Platforms, Inc.",Financial Services,Capital Markets,United States,7932974080.0,4,"2022,2023,2024,2025",,,,,,,,,,,,,,,"bank/insurer/lender: ROIC, EBITDA and FCF screens do not apply",NCM,USD,21.14,7932974080.0,389717908.0
PJT,PJT Partners Inc.,Financial Services,Capital Markets,United States,7915412992.0,4,"2022,2023,2024,2025",,,,,,,,,,,,,,,"bank/insurer/lender: ROIC, EBITDA and FCF screens do not apply",NYQ,USD,185.82,7915412992.0,84686722.0
DSV.TO,Discovery Mining Ltd.,Basic Materials,Silver,Canada,10852180992.0,1,2025,,,,,,,,,,,,,,,only 1 years of statements,TOR,CAD,13.33,7869373600.0,25269245.0
FAF,First American Financial Corporation,Financial Services,Insurance - Specialty,United States,7811671040.0,4,"2022,2023,2024,2025",,,,,,,,,,,,,,,"bank/insurer/lender: ROIC, EBITDA and FCF screens do not apply",NYQ,USD,76.51,7811671040.0,65942362.0
SYRE,"Spyre Therapeutics, Inc.",Healthcare,Biotechnology,United States,7693160448.0,2,"2022,2023",,,,,,,,,,,,,,,only 2 years of statements,NMS,USD,87.25,7693160448.0,115478516.0
VLY,Valley National Bancorp,Financial Services,Banks - Regional,United States,7681212928.0,4,"2022,2023,2024,2025",,,,,,,,,,,,,,,"bank/insurer/lender: ROIC, EBITDA and FCF screens do not apply",NMS,USD,13.9,7681212928.0,94351421.0
GGAL,Grupo Financiero Galicia S.A.,Financial Services,Banks - Regional,Argentina,7562707456.0,4,"2022,2023,2024,2025",,,,,,,,,,,,,,,"bank/insurer/lender: ROIC, EBITDA and FCF screens do not apply",NCM,USD,44.63,7562707456.0,45648323.0
BZ,Kanzhun Limited,Communication Services,Internet Content & Information,China,7525574144.0,4,"2022,2023,2024,2025",,,,,,,,,,,,,,,country China,NMS,USD,16.84,7525574144.0,76772381.0
OMF,"OneMain Holdings, Inc.",Financial Services,Credit Services,United States,7429378560.0,4,"2022,2023,2024,2025",,,,,,,,,,,,,,,"bank/insurer/lender: ROIC, EBITDA and FCF screens do not apply",NYQ,USD,64.58,7429378560.0,66028659.0
OKLO,,,,,,0,,,,,,,,,,,,,,,,only 0 years of statements,NYQ,USD,39.84,7410942976.0,388250242.0
AXS,AXIS Capital Holdings Limited,Financial Services,Insurance - Specialty,Bermuda,7398785024.0,4,"2022,2023,2024,2025",,,,,,,,,,,,,,,"bank/insurer/lender: ROIC, EBITDA and FCF screens do not apply",NYQ,USD,101.4,7398785024.0,70857914.0
NXE,,,,,,0,,,,,,,,,,,,,,,,only 0 years of statements,NYQ,USD,10.67,7154300416.0,57020875.0
PDI,PIMCO Dynamic Income Fund,Financial Services,Asset Management,United States,7057319936.0,4,"2022,2023,2024,2025",,,,,,,,,,,,,,,"bank/insurer/lender: ROIC, EBITDA and FCF screens do not apply",NYQ,USD,15.29,7057319936.0,47011337.0
VCTR,"Victory Capital Holdings, Inc.",Financial Services,Asset Management,United States,6978875904.0,4,"2022,2023,2024,2025",,,,,,,,,,,,,,,"bank/insurer/lender: ROIC, EBITDA and FCF screens do not apply",NMS,USD,113.46,6978875904.0,61515062.0
BLTE,,,,,,0,,,,,,,,,,,,,,,,only 0 years of statements,NCM,USD,171.09,6890161152.0,32492386.0
SRRK,Scholar Rock Holding Corporation,Healthcare,Biotechnology,United States,6812668416.0,1,2022,,,,,,,,,,,,,,,only 1 years of statements,NMS,USD,55.94,6812668416.0,73756890.0
ACT,"Enact Holdings, Inc.",Financial Services,Insurance - Specialty,United States,6806815744.0,4,"2022,2023,2024,2025",,,,,,,,,,,,,,,"bank/insurer/lender: ROIC, EBITDA and FCF screens do not apply",NMS,USD,49.51,6806815744.0,17010745.0
TAL,TAL Education Group,Consumer Defensive,Education & Training Services,China,6650867712.0,4,"2023,2024,2025,2026",,,,,,,,,,,,,,,country China,NYQ,USD,11.99,6650867712.0,52983366.0
FNB,F.N.B. Corporation,Financial Services,Banks - Regional,United States,6574653440.0,4,"2022,2023,2024,2025",,,,,,,,,,,,,,,"bank/insurer/lender: ROIC, EBITDA and FCF screens do not apply",NYQ,USD,18.47,6574653440.0,88353979.0
STEP,StepStone Group Inc.,Financial Services,Asset Management,United States,6571663360.0,4,"2023,2024,2025,2026",,,,,,,,,,,,,,,"bank/insurer/lender: ROIC, EBITDA and FCF screens do not apply",NMS,USD,50.91,6571663360.0,70818661.0
BILI,Bilibili Inc.,Communication Services,Internet Content & Information,China,6486839296.0,4,"2022,2023,2024,2025",,,,,,,,,,,,,,,country China,NMS,USD,15.5,6486839296.0,38698990.0
UBSI,"United Bankshares, Inc.",Financial Services,Banks - Regional,United States,6480489472.0,4,"2022,2023,2024,2025",,,,,,,,,,,,,,,"bank/insurer/lender: ROIC, EBITDA and FCF screens do not apply",NMS,USD,47.59,6480489472.0,46858637.0
MTG,MGIC Investment Corporation,Financial Services,Insurance - Specialty,United States,6455278080.0,4,"2022,2023,2024,2025",,,,,,,,,,,,,,,"bank/insurer/lender: ROIC, EBITDA and FCF screens do not apply",NYQ,USD,31.47,6455278080.0,55629550.0
ESNT,Essent Group Ltd.,Financial Services,Insurance - Specialty,Bermuda,6258100224.0,4,"2022,2023,2024,2025",,,,,,,,,,,,,,,"bank/insurer/lender: ROIC, EBITDA and FCF screens do not apply",NYQ,USD,69.63,6258100224.0,50599773.0
CACC,Credit Acceptance Corporation,Financial Services,Credit Services,United States,6244749312.0,4,"2022,2023,2024,2025",,,,,,,,,,,,,,,"bank/insurer/lender: ROIC, EBITDA and FCF screens do not apply",NMS,USD,601.58,6244749312.0,92073022.0
GDS,GDS Holdings Limited,Technology,Information Technology Services,China,6235751424.0,4,"2022,2023,2024,2025",,,,,,,,,,,,,,,country China,NGM,USD,31.12,6235751424.0,62721706.0
VIPS,Vipshop Holdings Limited,Consumer Cyclical,Internet Retail,China,6219539968.0,4,"2022,2023,2024,2025",,,,,,,,,,,,,,,country China,NYQ,USD,13.08,6219539968.0,33115499.0
IFS,Intercorp Financial Services Inc.,Financial Services,Banks - Regional,Peru,6214286848.0,4,"2022,2023,2024,2025",,,,,,,,,,,,,,,"bank/insurer/lender: ROIC, EBITDA and FCF screens do not apply",NYQ,USD,56.29,6214286848.0,15731591.0
HWC,Hancock Whitney Corporation,Financial Services,Banks - Regional,United States,6064862720.0,4,"2022,2023,2024,2025",,,,,,,,,,,,,,,"bank/insurer/lender: ROIC, EBITDA and FCF screens do not apply",NMS,USD,75.6,6064862720.0,66216906.0
COGT,,,,,,0,,,,,,,,,,,,,,,,only 0 years of statements,NMS,USD,34.95,6064697856.0,80977368.0
GBCI,"Glacier Bancorp, Inc.",Financial Services,Banks - Regional,United States,6036625920.0,4,"2022,2023,2024,2025",,,,,,,,,,,,,,,"bank/insurer/lender: ROIC, EBITDA and FCF screens do not apply",NYQ,USD,46.36,6036625920.0,54597708.0
STWD,"Starwood Property Trust, Inc.",Real Estate,REIT - Mortgage,United States,6030731264.0,4,"2022,2023,2024,2025",,,,,,,,,,,,,,,"bank/insurer/lender: ROIC, EBITDA and FCF screens do not apply",NYQ,USD,15.88,6030731264.0,63180232.0
ORKA,,,,,,0,,,,,,,,,,,,,,,,only 0 years of statements,NGM,USD,90.99,6024420352.0,109214114.0
HOMB,"Home BancShares, Inc.",Financial Services,Banks - Regional,United States,6001488896.0,4,"2022,2023,2024,2025",,,,,,,,,,,,,,,"bank/insurer/lender: ROIC, EBITDA and FCF screens do not apply",NYQ,USD,30.0,6001488896.0,53148600.0
RLI,RLI Corp.,Financial Services,Insurance - Property & Casualty,United States,5877140992.0,4,"2022,2023,2024,2025",,,,,,,,,,,,,,,"bank/insurer/lender: ROIC, EBITDA and FCF screens do not apply",NYQ,USD,64.04,5877140992.0,54199486.0
XENE,Xenon Pharmaceuticals Inc.,Healthcare,Biotechnology,Canada,5849162240.0,2,"2022,2025",,,,,,,,,,,,,,,only 2 years of statements,NGM,USD,60.4,5849162240.0,71271577.0
ASB,Associated Banc-Corp,Financial Services,Banks - Regional,United States,5837343232.0,4,"2022,2023,2024,2025",,,,,,,,,,,,,,,"bank/insurer/lender: ROIC, EBITDA and FCF screens do not apply",NYQ,USD,30.91,5837343232.0,61218831.0
AUB,Atlantic Union Bankshares Corporation,Financial Services,Banks - Regional,United States,5822563328.0,4,"2022,2023,2024,2025",,,,,,,,,,,,,,,"bank/insurer/lender: ROIC, EBITDA and FCF screens do not apply",NYQ,USD,40.77,5822563328.0,44443377.0
ENVA,"Enova International, Inc.",Financial Services,Credit Services,United States,5805553152.0,4,"2022,2023,2024,2025",,,,,,,,,,,,,,,"bank/insurer/lender: ROIC, EBITDA and FCF screens do not apply",NYQ,USD,233.17,5805553152.0,88016778.0
BGC,"BGC Group, Inc.",Financial Services,Capital Markets,United States,5776918016.0,4,"2022,2023,2024,2025",,,,,,,,,,,,,,,"bank/insurer/lender: ROIC, EBITDA and FCF screens do not apply",NMS,USD,12.15,5776918016.0,37917465.0
ABCB,Ameris Bancorp,Financial Services,Banks - Regional,United States,5759814656.0,4,"2022,2023,2024,2025",,,,,,,,,,,,,,,"bank/insurer/lender: ROIC, EBITDA and FCF screens do not apply",NYQ,USD,85.83,5759814656.0,41507903.0
MKTX,MarketAxess Holdings Inc.,Financial Services,Capital Markets,United States,5748406784.0,4,"2022,2023,2024,2025",,,,,,,,,,,,,,,"bank/insurer/lender: ROIC, EBITDA and FCF screens do not apply",NMS,USD,163.34,5748406784.0,169637574.0
BXSL,Blackstone Secured Lending Fund,Financial Services,Asset Management,United States,5747371520.0,4,"2022,2023,2024,2025",,,,,,,,,,,,,,,"bank/insurer/lender: ROIC, EBITDA and FCF screens do not apply",NYQ,USD,24.67,5747371520.0,40096891.0
MAU.TO,,,,,,0,,,,,,,,,,,,,,,,only 0 years of statements,TOR,CAD,19.55,5730881808.0,16419000.0
HLNE,Hamilton Lane Incorporated,Financial Services,Asset Management,United States,5706192896.0,4,"2023,2024,2025,2026",,,,,,,,,,,,,,,"bank/insurer/lender: ROIC, EBITDA and FCF screens do not apply",NMS,USD,103.4,5706192896.0,83487952.0
ERAS,,,,,,0,,,,,,,,,,,,,,,,only 0 years of statements,NMS,USD,16.26,5687131136.0,75455278.0
VIRT,"Virtu Financial, Inc.",Financial Services,Capital Markets,United States,5668020736.0,4,"2022,2023,2024,2025",,,,,,,,,,,,,,,"bank/insurer/lender: ROIC, EBITDA and FCF screens do not apply",NYQ,USD,64.19,5668020736.0,86022945.0
OBDC,Blue Owl Capital Corporation,Financial Services,Asset Management,United States,5647955456.0,4,"2022,2023,2024,2025",,,,,,,,,,,,,,,"bank/insurer/lender: ROIC, EBITDA and FCF screens do not apply",NYQ,USD,11.38,5647955456.0,42771730.0
RITM,Rithm Capital Corp.,Real Estate,REIT - Mortgage,United States,5611991040.0,4,"2022,2023,2024,2025",,,,,,,,,,,,,,,"bank/insurer/lender: ROIC, EBITDA and FCF screens do not apply",NYQ,USD,10.05,5611991040.0,53378655.0
FLG,"Flagstar Bank, National Association",Financial Services,Banks - Regional,United States,5595451392.0,4,"2022,2023,2024,2025",,,,,,,,,,,,,,,"bank/insurer/lender: ROIC, EBITDA and FCF screens do not apply",NYQ,USD,13.48,5595451392.0,64766763.0
SIGI,"Selective Insurance Group, Inc.",Financial Services,Insurance - Property & Casualty,United States,5551841792.0,4,"2022,2023,2024,2025",,,,,,,,,,,,,,,"bank/insurer/lender: ROIC, EBITDA and FCF screens do not apply",NMS,USD,93.2,5551841792.0,49613902.0
AX,"Axos Financial, Inc.",Financial Services,Banks - Regional,United States,5505472000.0,4,"2023,2024,2025,2026",,,,,,,,,,,,,,,"bank/insurer/lender: ROIC, EBITDA and FCF screens do not apply",NYQ,USD,97.04,5505472000.0,35022027.0
PIPR,Piper Sandler Companies,Financial Services,Capital Markets,United States,5494615040.0,4,"2022,2023,2024,2025",,,,,,,,,,,,,,,"bank/insurer/lender: ROIC, EBITDA and FCF screens do not apply",NYQ,USD,77.75,5494615040.0,45600453.0
OZK,Bank OZK,Financial Services,Banks - Regional,United States,5470416896.0,4,"2022,2023,2024,2025",,,,,,,,,,,,,,,"bank/insurer/lender: ROIC, EBITDA and FCF screens do not apply",NMS,USD,50.17,5470416896.0,59025005.0
MAIN,Main Street Capital Corporation,Financial Services,Asset Management,United States,5430036480.0,4,"2022,2023,2024,2025",,,,,,,,,,,,,,,"bank/insurer/lender: ROIC, EBITDA and FCF screens do not apply",NYQ,USD,58.07,5430036480.0,35545170.0
CNO,"CNO Financial Group, Inc.",Financial Services,Insurance - Life,United States,5247812096.0,4,"2022,2023,2024,2025",,,,,,,,,,,,,,,"bank/insurer/lender: ROIC, EBITDA and FCF screens do not apply",NYQ,USD,56.72,5247812096.0,45109473.0
MC,Moelis & Company,Financial Services,Capital Markets,United States,5121953280.0,4,"2022,2023,2024,2025",,,,,,,,,,,,,,,"bank/insurer/lender: ROIC, EBITDA and FCF screens do not apply",NYQ,USD,69.14,5121953280.0,62863609.0
HASI,"HA Sustainable Infrastructure Capital, Inc.",Financial Services,Asset Management,United States,5119272448.0,4,"2022,2023,2024,2025",,,,,,,,,,,,,,,"bank/insurer/lender: ROIC, EBITDA and FCF screens do not apply",NYQ,USD,39.84,5119272448.0,41496507.0
DFTX,,,,,,0,,,,,,,,,,,,,,,,only 0 years of statements,NMS,USD,38.0,5105944064.0,112349470.0
BMA,Banco Macro S.A.,Financial Services,Banks - Regional,Argentina,5062692352.0,4,"2021,2022,2023,2024",,,,,,,,,,,,,,,"bank/insurer/lender: ROIC, EBITDA and FCF screens do not apply",NYQ,USD,79.18,5062692352.0,23074794.0
EBC,"Eastern Bankshares, Inc.",Financial Services,Banks - Regional,United States,5045535232.0,4,"2022,2023,2024,2025",,,,,,,,,,,,,,,"bank/insurer/lender: ROIC, EBITDA and FCF screens do not apply",NMS,USD,22.08,5045535232.0,72180293.0
WTM,"White Mountains Insurance Group, Ltd.",Financial Services,Insurance - Property & Casualty,Bermuda,5041303552.0,4,"2022,2023,2024,2025",,,,,,,,,,,,,,,"bank/insurer/lender: ROIC, EBITDA and FCF screens do not apply",NYQ,USD,2112.23,5041303552.0,42079846.0
SLM,SLM Corporation,Financial Services,Credit Services,United States,4980120064.0,4,"2022,2023,2024,2025",,,,,,,,,,,,,,,"bank/insurer/lender: ROIC, EBITDA and FCF screens do not apply",NMS,USD,26.49,4980120064.0,71776960.0
TFSL,TFS Financial Corporation,Financial Services,Banks - Regional,United States,4907748352.0,4,"2022,2023,2024,2025",,,,,,,,,,,,,,,"bank/insurer/lender: ROIC, EBITDA and FCF screens do not apply",NMS,USD,17.5,4907748352.0,15907378.0
RDN,Radian Group Inc.,Financial Services,Insurance - Specialty,United States,4870011904.0,4,"2022,2023,2024,2025",,,,,,,,,,,,,,,"bank/insurer/lender: ROIC, EBITDA and FCF screens do not apply",NYQ,USD,36.81,4870011904.0,44485179.0
ATAT,Atour Lifestyle Holdings Limited,Consumer Cyclical,Lodging,China,4783997440.0,4,"2022,2023,2024,2025",,,,,,,,,,,,,,,country China,NMS,USD,34.62,4783997440.0,32416437.0
FFIN,"First Financial Bankshares, Inc.",Financial Services,Banks - Regional,United States,4778539008.0,4,"2022,2023,2024,2025",,,,,,,,,,,,,,,"bank/insurer/lender: ROIC, EBITDA and FCF screens do not apply",NMS,USD,33.34,4778539008.0,28706040.0
CELC,,,,,,0,,,,,,,,,,,,,,,,only 0 years of statements,NCM,USD,96.43,4718503936.0,124424400.0
DYN,,,,,,0,,,,,,,,,,,,,,,,only 0 years of statements,NMS,USD,24.95,4659323392.0,55676674.0
SFBS,"ServisFirst Bancshares, Inc.",Financial Services,Banks - Regional,United States,4647163392.0,4,"2022,2023,2024,2025",,,,,,,,,,,,,,,"bank/insurer/lender: ROIC, EBITDA and FCF screens do not apply",NYQ,USD,42.5,4647163392.0,25356902.0
FHI,"Federated Hermes, Inc.",Financial Services,Asset Management,United States,4640883200.0,4,"2022,2023,2024,2025",,,,,,,,,,,,,,,"bank/insurer/lender: ROIC, EBITDA and FCF screens do not apply",NYQ,USD,62.16,4640883200.0,36289257.0
FULT,Fulton Financial Corporation,Financial Services,Banks - Regional,United States,4557130752.0,4,"2022,2023,2024,2025",,,,,,,,,,,,,,,"bank/insurer/lender: ROIC, EBITDA and FCF screens do not apply",NMS,USD,23.87,4557130752.0,45053957.0
EWTX,,,,,,0,,,,,,,,,,,,,,,,only 0 years of statements,NMS,USD,41.95,4555943424.0,56827148.0
NNI,"Nelnet, Inc.",Financial Services,Credit Services,United States,4553649152.0,4,"2022,2023,2024,2025",,,,,,,,,,,,,,,"bank/insurer/lender: ROIC, EBITDA and FCF screens do not apply",NYQ,USD,127.27,4553649152.0,17094143.0
MARA,"MARA Holdings, Inc.",Financial Services,Capital Markets,United States,4481072128.0,4,"2022,2023,2024,2025",,,,,,,,,,,,,,,"bank/insurer/lender: ROIC, EBITDA and FCF screens do not apply",NCM,USD,11.6,4481072128.0,537922160.0
IBOC,International Bancshares Corporation,Financial Services,Banks - Regional,United States,4449180672.0,4,"2022,2023,2024,2025",,,,,,,,,,,,,,,"bank/insurer/lender: ROIC, EBITDA and FCF screens do not apply",NMS,USD,71.54,4449180672.0,25585637.0
ACHR,Archer Aviation Inc.,Industrials,Aerospace & Defense,United States,4435354624.0,1,2025,,,,,,,,,,,,,,,only 1 years of statements,NYQ,USD,5.76,4435354624.0,216216674.0
ELVN,,,,,,0,,,,,,,,,,,,,,,,only 0 years of statements,NMS,USD,59.65,4370600960.0,85052072.0
FBP,First BanCorp.,Financial Services,Banks - Regional,United States,4343412224.0,4,"2022,2023,2024,2025",,,,,,,,,,,,,,,"bank/insurer/lender: ROIC, EBITDA and FCF screens do not apply",NYQ,USD,28.45,4343412224.0,42463446.0
USAR,"USA Rare Earth, Inc.",Basic Materials,Other Industrial Metals & Mining,United States,4329098752.0,1,2025,,,,,,,,,,,,,,,only 1 years of statements,NGM,USD,17.69,4329098752.0,224837813.0
LAZ,"Lazard, Inc.",Financial Services,Capital Markets,United States,4319984128.0,4,"2022,2023,2024,2025",,,,,,,,,,,,,,,"bank/insurer/lender: ROIC, EBITDA and FCF screens do not apply",NYQ,USD,44.33,4319984128.0,96184175.0
LMND,"Lemonade, Inc.",Financial Services,Insurance - Property & Casualty,United States,4263005696.0,4,"2022,2023,2024,2025",,,,,,,,,,,,,,,"bank/insurer/lender: ROIC, EBITDA and FCF screens do not apply",NYQ,USD,55.08,4263005696.0,77688688.0
TCBI,"Texas Capital Bancshares, Inc.",Financial Services,Banks - Regional,United States,4252227840.0,4,"2022,2023,2024,2025",,,,,,,,,,,,,,,"bank/insurer/lender: ROIC, EBITDA and FCF screens do not apply",NMS,USD,97.81,4252227840.0,49641998.0
UCB,"United Community Banks, Inc.",Financial Services,Banks - Regional,United States,4238441728.0,4,"2022,2023,2024,2025",,,,,,,,,,,,,,,"bank/insurer/lender: ROIC, EBITDA and FCF screens do not apply",NYQ,USD,35.39,4238441728.0,33344953.0
UWMC,UWM Holdings Corporation,Financial Services,Mortgage Finance,United States,4184347648.0,4,"2022,2023,2024,2025",,,,,,,,,,,,,,,"bank/insurer/lender: ROIC, EBITDA and FCF screens do not apply",NYQ,USD,1.46,4184347648.0,31797979.0
BFH,"Bread Financial Holdings, Inc.",Financial Services,Credit Services,United States,4179632128.0,4,"2022,2023,2024,2025",,,,,,,,,,,,,,,"bank/insurer/lender: ROIC, EBITDA and FCF screens do not apply",NYQ,USD,108.79,4179632128.0,67377128.0
CATY,Cathay General Bancorp,Financial Services,Banks - Regional,United States,4174950912.0,4,"2022,2023,2024,2025",,,,,,,,,,,,,,,"bank/insurer/lender: ROIC, EBITDA and FCF screens do not apply",NMS,USD,62.58,4174950912.0,30613010.0
SKE,,,,,,0,,,,,,,,,,,,,,,,only 0 years of statements,NYQ,USD,33.11,4154070272.0,26771918.0
EQB.TO,EQB Inc.,Financial Services,Banks - Regional,Canada,5702532608.0,4,"2021,2022,2024,2025",,,,,,,,,,,,,,,"bank/insurer/lender: ROIC, EBITDA and FCF screens do not apply",TOR,CAD,133.97,4135146621.0,10238353.0
CNS,"Cohen & Steers, Inc.",Financial Services,Asset Management,United States,4061786624.0,4,"2022,2023,2024,2025",,,,,,,,,,,,,,,"bank/insurer/lender: ROIC, EBITDA and FCF screens do not apply",NYQ,USD,78.99,4061786624.0,22047452.0
WSFS,WSFS Financial Corporation,Financial Services,Banks - Regional,United States,4048346624.0,4,"2022,2023,2024,2025",,,,,,,,,,,,,,,"bank/insurer/lender: ROIC, EBITDA and FCF screens do not apply",NMS,USD,78.78,4048346624.0,35253105.0
VKTX,,,,,,0,,,,,,,,,,,,,,,,only 0 years of statements,NCM,USD,33.98,3963866624.0,77180303.0
WSBC,"WesBanco, Inc.",Financial Services,Banks - Regional,United States,3961872384.0,4,"2022,2023,2024,2025",,,,,,,,,,,,,,,"bank/insurer/lender: ROIC, EBITDA and FCF screens do not apply",NMS,USD,41.31,3961872384.0,54622271.0
CVBF,CVB Financial Corp.,Financial Services,Banks - Regional,United States,3956422400.0,4,"2022,2023,2024,2025",,,,,,,,,,,,,,,"bank/insurer/lender: ROIC, EBITDA and FCF screens do not apply",NMS,USD,22.48,3956422400.0,32761161.0
INDB,Independent Bank Corp.,Financial Services,Banks - Regional,United States,3925950976.0,4,"2022,2023,2024,2025",,,,,,,,,,,,,,,"bank/insurer/lender: ROIC, EBITDA and FCF screens do not apply",NMS,USD,82.88,3925950976.0,30140224.0
GNW,"Genworth Financial, Inc.",Financial Services,Insurance - Life,United States,3922093824.0,4,"2022,2023,2024,2025",,,,,,,,,,,,,,,"bank/insurer/lender: ROIC, EBITDA and FCF screens do not apply",NYQ,USD,10.38,3922093824.0,30003058.0
PLSE,"Pulse Biosciences, Inc.",Healthcare,Medical Instruments & Supplies,United States,3902059776.0,2,"2022,2025",,,,,,,,,,,,,,,only 2 years of statements,NCM,USD,54.71,3902059776.0,22251870.0
PFSI,"PennyMac Financial Services, Inc.",Financial Services,Mortgage Finance,United States,3804413696.0,4,"2022,2023,2024,2025",,,,,,,,,,,,,,,"bank/insurer/lender: ROIC, EBITDA and FCF screens do not apply",NYQ,USD,73.23,3804413696.0,41561174.0
WT,"WisdomTree, Inc.",Financial Services,Asset Management,United States,3768106240.0,4,"2022,2023,2024,2025",,,,,,,,,,,,,,,"bank/insurer/lender: ROIC, EBITDA and FCF screens do not apply",NYQ,USD,24.87,3768106240.0,70121189.0
RNST,Renasant Corporation,Financial Services,Banks - Regional,United States,3765863936.0,4,"2022,2023,2024,2025",,,,,,,,,,,,,,,"bank/insurer/lender: ROIC, EBITDA and FCF screens do not apply",NYQ,USD,41.2,3765863936.0,28073804.0
BANF,BancFirst Corporation,Financial Services,Banks - Regional,United States,3754659584.0,4,"2022,2023,2024,2025",,,,,,,,,,,,,,,"bank/insurer/lender: ROIC, EBITDA and FCF screens do not apply",NMS,USD,111.75,3754659584.0,18275372.0
DNLI,Denali Therapeutics Inc.,Healthcare,Biotechnology,United States,3644520704.0,2,"2022,2023",,,,,,,,,,,,,,,only 2 years of statements,NMS,USD,22.8,3644520704.0,37809924.0
PLMR,"Palomar Holdings, Inc.",Financial Services,Insurance - Property & Casualty,United States,3607706880.0,4,"2022,2023,2024,2025",,,,,,,,,,,,,,,"bank/insurer/lender: ROIC, EBITDA and FCF screens do not apply",NMS,USD,136.12,3607706880.0,37160896.0
NIC,"Nicolet Bankshares, Inc.",Financial Services,Banks - Regional,United States,3581009920.0,4,"2022,2023,2024,2025",,,,,,,,,,,,,,,"bank/insurer/lender: ROIC, EBITDA and FCF screens do not apply",NYQ,USD,170.87,3581009920.0,47514163.0
FIBK,"First Interstate BancSystem, Inc.",Financial Services,Banks - Regional,United States,3572016640.0,4,"2022,2023,2024,2025",,,,,,,,,,,,,,,"bank/insurer/lender: ROIC, EBITDA and FCF screens do not apply",NMS,USD,37.48,3572016640.0,40589303.0
SA,,,,,,0,,,,,,,,,,,,,,,,only 0 years of statements,NYQ,USD,32.57,3513365504.0,25269434.0
CRVL,CorVel Corporation,Financial Services,Insurance Brokers,United States,3469478144.0,4,"2023,2024,2025,2026",,,,,,,,,,,,,,,"bank/insurer/lender: ROIC, EBITDA and FCF screens do not apply",NMS,USD,68.68,3469478144.0,13267534.0
TOWN,TowneBank,Financial Services,Banks - Regional,United States,3458078208.0,4,"2022,2023,2024,2025",,,,,,,,,,,,,,,"bank/insurer/lender: ROIC, EBITDA and FCF screens do not apply",NMS,USD,37.41,3458078208.0,24249910.0
FFBC,First Financial Bancorp.,Financial Services,Banks - Regional,United States,3446130688.0,4,"2022,2023,2024,2025",,,,,,,,,,,,,,,"bank/insurer/lender: ROIC, EBITDA and FCF screens do not apply",NMS,USD,32.83,3446130688.0,31957937.0
AB,AllianceBernstein Holding L.P.,Financial Services,Asset Management,United States,3445644544.0,4,"2022,2023,2024,2025",,,,,,,,,,,,,,,"bank/insurer/lender: ROIC, EBITDA and FCF screens do not apply",NYQ,USD,37.02,3445644544.0,10607933.0
NMIH,"NMI Holdings, Inc.",Financial Services,Insurance - Specialty,United States,3414138112.0,4,"2022,2023,2024,2025",,,,,,,,,,,,,,,"bank/insurer/lender: ROIC, EBITDA and FCF screens do not apply",NGM,USD,45.39,3414138112.0,23799702.0
FSK,FS KKR Capital Corp.,Financial Services,Asset Management,United States,3407275776.0,4,"2022,2023,2024,2025",,,,,,,,,,,,,,,"bank/insurer/lender: ROIC, EBITDA and FCF screens do not apply",NYQ,USD,12.33,3407275776.0,30090021.0
GPCR,,,,,,0,,,,,,,,,,,,,,,,only 0 years of statements,NGM,USD,47.34,3375808512.0,35201693.0
SII,Sprott Inc.,Financial Services,Asset Management,Canada,3369951744.0,4,"2022,2023,2024,2025",,,,,,,,,,,,,,,"bank/insurer/lender: ROIC, EBITDA and FCF screens do not apply",NYQ,USD,130.96,3369951744.0,25694745.0
GBDC,"Golub Capital BDC, Inc.",Financial Services,Asset Management,United States,3367681024.0,4,"2022,2023,2024,2025",,,,,,,,,,,,,,,"bank/insurer/lender: ROIC, EBITDA and FCF screens do not apply",NMS,USD,12.97,3367681024.0,14409916.0
QS,,,,,,0,,,,,,,,,,,,,,,,only 0 years of statements,NMS,USD,5.45,3352540672.0,124189428.0
CBU,"Community Financial System, Inc.",Financial Services,Banks - Regional,United States,3340583936.0,4,"2022,2023,2024,2025",,,,,,,,,,,,,,,"bank/insurer/lender: ROIC, EBITDA and FCF screens do not apply",NYQ,USD,63.49,3340583936.0,18432417.0
AGO,Assured Guaranty Ltd.,Financial Services,Insurance - Specialty,Bermuda,3334503424.0,4,"2022,2023,2024,2025",,,,,,,,,,,,,,,"bank/insurer/lender: ROIC, EBITDA and FCF screens do not apply",NYQ,USD,75.82,3334503424.0,27798493.0
SBCF,Seacoast Banking Corporation of Florida,Financial Services,Banks - Regional,United States,3328768000.0,4,"2022,2023,2024,2025",,,,,,,,,,,,,,,"bank/insurer/lender: ROIC, EBITDA and FCF screens do not apply",NMS,USD,34.38,3328768000.0,34964769.0
SFNC,Simmons First National Corporation,Financial Services,Banks - Regional,United States,3320926976.0,4,"2022,2023,2024,2025",,,,,,,,,,,,,,,"bank/insurer/lender: ROIC, EBITDA and FCF screens do not apply",NMS,USD,22.98,3320926976.0,33078055.0
HTGC,"Hercules Capital, Inc.",Financial Services,Asset Management,United States,3316546048.0,4,"2022,2023,2024,2025",,,,,,,,,,,,,,,"bank/insurer/lender: ROIC, EBITDA and FCF screens do not apply",NYQ,USD,17.72,3316546048.0,26703296.0
AAMI,Acadian Asset Management Inc.,Financial Services,Asset Management,United States,3273609216.0,4,"2022,2023,2024,2025",,,,,,,,,,,,,,,"bank/insurer/lender: ROIC, EBITDA and FCF screens do not apply",NYQ,USD,92.24,3273609216.0,43765021.0
BKU,"BankUnited, Inc.",Financial Services,Banks - Regional,United States,3269560320.0,4,"2022,2023,2024,2025",,,,,,,,,,,,,,,"bank/insurer/lender: ROIC, EBITDA and FCF screens do not apply",NYQ,USD,45.9,3269560320.0,41426127.0
FG,"F&G Annuities & Life, Inc.",Financial Services,Insurance - Life,United States,3256358656.0,4,"2022,2023,2024,2025",,,,,,,,,,,,,,,"bank/insurer/lender: ROIC, EBITDA and FCF screens do not apply",NYQ,USD,24.87,3256358656.0,15855247.0
CLSK,"CleanSpark, Inc.",Financial Services,Capital Markets,United States,3230758656.0,4,"2022,2023,2024,2025",,,,,,,,,,,,,,,"bank/insurer/lender: ROIC, EBITDA and FCF screens do not apply",NCM,USD,12.58,3230758656.0,270288068.0
DX,"Dynex Capital, Inc.",Real Estate,REIT - Mortgage,United States,3183981568.0,4,"2022,2023,2024,2025",,,,,,,,,,,,,,,"bank/insurer/lender: ROIC, EBITDA and FCF screens do not apply",NYQ,USD,12.83,3183981568.0,68035668.0
FHB,"First Hawaiian, Inc.",Financial Services,Banks - Regional,United States,3163696384.0,4,"2022,2023,2024,2025",,,,,,,,,,,,,,,"bank/insurer/lender: ROIC, EBITDA and FCF screens do not apply",NMS,USD,26.0,3163696384.0,54912156.0
KC,Kingsoft Cloud Holdings Limited,Technology,Software - Application,China,3137393920.0,4,"2022,2023,2024,2025",,,,,,,,,,,,,,,country China,NMS,USD,10.48,3137393920.0,15727766.0
PPTA,,,,,,0,,,,,,,,,,,,,,,,only 0 years of statements,NCM,USD,25.05,3133649664.0,37279109.0
BHF,"Brighthouse Financial, Inc.",Financial Services,Insurance - Life,United States,3088946176.0,4,"2022,2023,2024,2025",,,,,,,,,,,,,,,"bank/insurer/lender: ROIC, EBITDA and FCF screens do not apply",NMS,USD,53.71,3088946176.0,39333981.0
BBAR,Banco BBVA Argentina S.A.,Financial Services,Banks - Regional,Argentina,3081931776.0,4,"2022,2023,2024,2025",,,,,,,,,,,,,,,"bank/insurer/lender: ROIC, EBITDA and FCF screens do not apply",NYQ,USD,15.09,3081931776.0,10637348.0
PFS,"Provident Financial Services, Inc.",Financial Services,Banks - Regional,United States,3072756736.0,4,"2022,2023,2024,2025",,,,,,,,,,,,,,,"bank/insurer/lender: ROIC, EBITDA and FCF screens do not apply",NYQ,USD,23.56,3072756736.0,23096928.0
IRON,,,,,,0,,,,,,,,,,,,,,,,only 0 years of statements,NGM,USD,79.37,3047240192.0,42434774.0
ZLAB,Zai Lab Limited,Healthcare,Biotechnology,China,3031187968.0,4,"2022,2023,2024,2025",,,,,,,,,,,,,,,country China,NGM,USD,27.0,3031187968.0,27455895.0
BOH,Bank of Hawaii Corporation,Financial Services,Banks - Regional,United States,3023873024.0,4,"2022,2023,2024,2025",,,,,,,,,,,,,,,"bank/insurer/lender: ROIC, EBITDA and FCF screens do not apply",NYQ,USD,76.65,3023873024.0,29099483.0
BWIN,"The Baldwin Insurance Group, Inc.",Financial Services,Insurance Brokers,United States,3023300352.0,4,"2022,2023,2024,2025",,,,,,,,,,,,,,,"bank/insurer/lender: ROIC, EBITDA and FCF screens do not apply",NMS,USD,31.22,3023300352.0,45891933.0
DBRG,"DigitalBridge Group, Inc.",Financial Services,Asset Management,United States,2988674560.0,4,"2022,2023,2024,2025",,,,,,,,,,,,,,,"bank/insurer/lender: ROIC, EBITDA and FCF screens do not apply",NYQ,USD,15.94,2988674560.0,53361127.0
BANC,"Banc of California, Inc.",Financial Services,Banks - Regional,United States,2973778432.0,4,"2022,2023,2024,2025",,,,,,,,,,,,,,,"bank/insurer/lender: ROIC, EBITDA and FCF screens do not apply",NYQ,USD,18.77,2973778432.0,55381748.0
APAM,Artisan Partners Asset Management Inc.,Financial Services,Asset Management,United States,2921503232.0,4,"2022,2023,2024,2025",,,,,,,,,,,,,,,"bank/insurer/lender: ROIC, EBITDA and FCF screens do not apply",NYQ,USD,41.15,2921503232.0,35645982.0
SPNT,SiriusPoint Ltd.,Financial Services,Insurance - Reinsurance,Bermuda,2885539072.0,4,"2022,2023,2024,2025",,,,,,,,,,,,,,,"bank/insurer/lender: ROIC, EBITDA and FCF screens do not apply",NYQ,USD,24.84,2885539072.0,18344961.0
FBK,FB Financial Corporation,Financial Services,Banks - Regional,United States,2848253952.0,4,"2022,2023,2024,2025",,,,,,,,,,,,,,,"bank/insurer/lender: ROIC, EBITDA and FCF screens do not apply",NYQ,USD,56.99,2848253952.0,20926329.0
UPST,"Upstart Holdings, Inc.",Financial Services,Credit Services,United States,2775368192.0,4,"2022,2023,2024,2025",,,,,,,,,,,,,,,"bank/insurer/lender: ROIC, EBITDA and FCF screens do not apply",NMS,USD,28.52,2775368192.0,123567035.0
SLS,"SELLAS Life Sciences Group, Inc.",Healthcare,Biotechnology,United States,2766656256.0,1,2022,,,,,,,,,,,,,,,only 1 years of statements,NCM,USD,13.7,2766656256.0,114024086.0
TBBK,"The Bancorp, Inc.",Financial Services,Banks - Regional,United States,2762898176.0,4,"2022,2023,2024,2025",,,,,,,,,,,,,,,"bank/insurer/lender: ROIC, EBITDA and FCF screens do not apply",NMS,USD,67.74,2762898176.0,27044450.0
CUBI,"Customers Bancorp, Inc.",Financial Services,Banks - Regional,United States,2689649920.0,4,"2022,2023,2024,2025",,,,,,,,,,,,,,,"bank/insurer/lender: ROIC, EBITDA and FCF screens do not apply",NYQ,USD,79.64,2689649920.0,23020181.0
NBTB,NBT Bancorp Inc.,Financial Services,Banks - Regional,United States,2682697984.0,4,"2022,2023,2024,2025",,,,,,,,,,,,,,,"bank/insurer/lender: ROIC, EBITDA and FCF screens do not apply",NMS,USD,51.63,2682697984.0,18392516.0
TRMK,Trustmark Corporation,Financial Services,Banks - Regional,United States,2681875200.0,4,"2022,2023,2024,2025",,,,,,,,,,,,,,,"bank/insurer/lender: ROIC, EBITDA and FCF screens do not apply",NMS,USD,46.06,2681875200.0,19030472.0
WAFD,"WaFd, Inc.",Financial Services,Banks - Regional,United States,2662348800.0,4,"2022,2023,2024,2025",,,,,,,,,,,,,,,"bank/insurer/lender: ROIC, EBITDA and FCF screens do not apply",NMS,USD,35.98,2662348800.0,20500936.0
FBNC,First Bancorp,Financial Services,Banks - Regional,United States,2662017280.0,4,"2022,2023,2024,2025",,,,,,,,,,,,,,,"bank/insurer/lender: ROIC, EBITDA and FCF screens do not apply",NMS,USD,64.34,2662017280.0,15651220.0
FRME,First Merchants Corporation,Financial Services,Banks - Regional,United States,2643939840.0,4,"2022,2023,2024,2025",,,,,,,,,,,,,,,"bank/insurer/lender: ROIC, EBITDA and FCF screens do not apply",NMS,USD,42.1,2643939840.0,18142616.0
BBT,Beacon Financial Corporation,Financial Services,Banks - Regional,United States,2638530304.0,4,"2022,2023,2024,2025",,,,,,,,,,,,,,,"bank/insurer/lender: ROIC, EBITDA and FCF screens do not apply",NYQ,USD,31.48,2638530304.0,26033551.0
BANR,Banner Corporation,Financial Services,Banks - Regional,United States,2605799424.0,4,"2022,2023,2024,2025",,,,,,,,,,,,,,,"bank/insurer/lender: ROIC, EBITDA and FCF screens do not apply",NMS,USD,71.12,2605799424.0,24498991.0
INTR,"Inter & Co, Inc.",Financial Services,Banks - Regional,Brazil,2560778240.0,4,"2022,2023,2024,2025",,,,,,,,,,,,,,,"bank/insurer/lender: ROIC, EBITDA and FCF screens do not apply",NMS,USD,5.8,2560778240.0,28707413.0
BUSE,First Busey Corporation,Financial Services,Banks - Regional,United States,2533461248.0,4,"2022,2023,2024,2025",,,,,,,,,,,,,,,"bank/insurer/lender: ROIC, EBITDA and FCF screens do not apply",NMS,USD,30.68,2533461248.0,25061480.0
VERA,,,,,,0,,,,,,,,,,,,,,,,only 0 years of statements,NGM,USD,34.99,2521496320.0,74408999.0
PHVS,,,,,,0,,,,,,,,,,,,,,,,only 0 years of statements,NMS,USD,35.66,2503492608.0,18384870.0
ASST,"Strive, Inc.",Financial Services,Asset Management,United States,2501302016.0,2,"2023,2024",,,,,,,,,,,,,,,only 2 years of statements,NGM,USD,26.82,2501302016.0,137282005.0
MLYS,,,,,,0,,,,,,,,,,,,,,,,only 0 years of statements,NMS,USD,28.27,2499262720.0,33356536.0
SYBT,"Stock Yards Bancorp, Inc.",Financial Services,Banks - Regional,United States,2494030080.0,4,"2022,2023,2024,2025",,,,,,,,,,,,,,,"bank/insurer/lender: ROIC, EBITDA and FCF screens do not apply",NMS,USD,80.28,2494030080.0,15259301.0
PTY,PIMCO Corporate & Income Opportunity Fund,Financial Services,Asset Management,United States,2490787584.0,4,"2022,2023,2024,2025",,,,,,,,,,,,,,,"bank/insurer/lender: ROIC, EBITDA and FCF screens do not apply",NYQ,USD,11.75,2490787584.0,13318084.0
ATHM,Autohome Inc.,Communication Services,Internet Content & Information,China,2481933056.0,4,"2022,2023,2024,2025",,,,,,,,,,,,,,,country China,NYQ,USD,21.55,2481933056.0,18129929.0
AGM,Federal Agricultural Mortgage Corporation,Financial Services,Credit Services,United States,2454670592.0,4,"2022,2023,2024,2025",,,,,,,,,,,,,,,"bank/insurer/lender: ROIC, EBITDA and FCF screens do not apply",NYQ,USD,226.17,2454670592.0,27581884.0
TRVI,,,,,,0,,,,,,,,,,,,,,,,only 0 years of statements,NGM,USD,17.06,2430637824.0,36644027.0
NTB,The Bank of N.T. Butterfield & Son Limited,Financial Services,Banks - Diversified,Bermuda,2397748224.0,4,"2022,2023,2024,2025",,,,,,,,,,,,,,,"bank/insurer/lender: ROIC, EBITDA and FCF screens do not apply",NYQ,USD,60.97,2397748224.0,11665085.0
BHVN,,,,,,0,,,,,,,,,,,,,,,,only 0 years of statements,NYQ,USD,15.86,2395554304.0,47852966.0
BXMT,"Blackstone Mortgage Trust, Inc.",Real Estate,REIT - Mortgage,United States,2386577152.0,4,"2022,2023,2024,2025",,,,,,,,,,,,,,,"bank/insurer/lender: ROIC, EBITDA and FCF screens do not apply",NYQ,USD,14.16,2386577152.0,28349382.0
NUVB,Nuvation Bio Inc.,Healthcare,Biotechnology,United States,2377104384.0,2,"2024,2025",,,,,,,,,,,,,,,only 2 years of statements,NYQ,USD,6.77,2377104384.0,46031247.0
HCI,"HCI Group, Inc.",Financial Services,Insurance - Property & Casualty,United States,2362389504.0,4,"2022,2023,2024,2025",,,,,,,,,,,,,,,"bank/insurer/lender: ROIC, EBITDA and FCF screens do not apply",NYQ,USD,189.92,2362389504.0,31854142.0
SKWD,"Skyward Specialty Insurance Group, Inc.",Financial Services,Insurance - Property & Casualty,United States,2355146496.0,4,"2022,2023,2024,2025",,,,,,,,,,,,,,,"bank/insurer/lender: ROIC, EBITDA and FCF screens do not apply",NMS,USD,58.09,2355146496.0,31993765.0
EFSC,Enterprise Financial Services Corp,Financial Services,Banks - Regional,United States,2332246016.0,4,"2022,2023,2024,2025",,,,,,,,,,,,,,,"bank/insurer/lender: ROIC, EBITDA and FCF screens do not apply",NMS,USD,64.44,2332246016.0,15476104.0
KOD,,,,,,0,,,,,,,,,,,,,,,,only 0 years of statements,NGM,USD,36.36,2285206272.0,25206897.0
ARR,"ARMOUR Residential REIT, Inc.",Real Estate,REIT - Mortgage,United States,2283250432.0,4,"2022,2023,2024,2025",,,,,,,,,,,,,,,"bank/insurer/lender: ROIC, EBITDA and FCF screens do not apply",NYQ,USD,16.13,2283250432.0,61046001.0
NWBI,"Northwest Bancshares, Inc.",Financial Services,Banks - Regional,United States,2270609920.0,4,"2022,2023,2024,2025",,,,,,,,,,,,,,,"bank/insurer/lender: ROIC, EBITDA and FCF screens do not apply",NMS,USD,15.51,2270609920.0,16833903.0
WU,The Western Union Company,Financial Services,Credit Services,United States,2261122560.0,4,"2022,2023,2024,2025",,,,,,,,,,,,,,,"bank/insurer/lender: ROIC, EBITDA and FCF screens do not apply",NYQ,USD,7.25,2261122560.0,71960013.0
PVLA,,,,,,0,,,,,,,,,,,,,,,,only 0 years of statements,NGM,USD,155.47,2240075008.0,38675650.0
OFG,OFG Bancorp,Financial Services,Banks - Regional,United States,2232463360.0,4,"2022,2023,2024,2025",,,,,,,,,,,,,,,"bank/insurer/lender: ROIC, EBITDA and FCF screens do not apply",NYQ,USD,52.82,2232463360.0,17709173.0
HTH,Hilltop Holdings Inc.,Financial Services,Financial Conglomerates,United States,2228441600.0,4,"2022,2023,2024,2025",,,,,,,,,,,,,,,"bank/insurer/lender: ROIC, EBITDA and FCF screens do not apply",NYQ,USD,38.9,2228441600.0,10051254.0
HYMC,Hycroft Mining Holding Corporation,Basic Materials,Gold,United States,2171133184.0,1,2022,,,,,,,,,,,,,,,only 1 years of statements,NCM,USD,23.3,2171133184.0,47776254.0
FCF,First Commonwealth Financial Corporation,Financial Services,Banks - Regional,United States,2138343424.0,4,"2022,2023,2024,2025",,,,,,,,,,,,,,,"bank/insurer/lender: ROIC, EBITDA and FCF screens do not apply",NYQ,USD,21.16,2138343424.0,16229635.0
STC,Stewart Information Services Corporation,Financial Services,Insurance - Property & Casualty,United States,2125260672.0,4,"2022,2023,2024,2025",,,,,,,,,,,,,,,"bank/insurer/lender: ROIC, EBITDA and FCF screens do not apply",NYQ,USD,69.63,2125260672.0,16425438.0
PLGO,,Financial Services,Insurance - Diversified,Bermuda,2114536192.0,4,"2022,2023,2024,2025",,,,,,,,,,,,,,,"bank/insurer/lender: ROIC, EBITDA and FCF screens do not apply",NYQ,USD,25.56,2114536192.0,10921609.0
GOF,Guggenheim Strategic Opportunities Fund,Financial Services,Asset Management,United States,2111581312.0,4,"2023,2024,2025,2026",,,,,,,,,,,,,,,"bank/insurer/lender: ROIC, EBITDA and FCF screens do not apply",NYQ,USD,9.45,2111581312.0,19576658.0
HMN,Horace Mann Educators Corporation,Financial Services,Insurance - Property & Casualty,United States,2103219840.0,4,"2022,2023,2024,2025",,,,,,,,,,,,,,,"bank/insurer/lender: ROIC, EBITDA and FCF screens do not apply",NYQ,USD,51.93,2103219840.0,13810835.0
SRCE,1st Source Corporation,Financial Services,Banks - Regional,United States,2086690304.0,4,"2022,2023,2024,2025",,,,,,,,,,,,,,,"bank/insurer/lender: ROIC, EBITDA and FCF screens do not apply",NMS,USD,86.65,2086690304.0,11871570.0
ECPG,"Encore Capital Group, Inc.",Financial Services,Credit Services,United States,2055823872.0,4,"2022,2023,2024,2025",,,,,,,,,,,,,,,"bank/insurer/lender: ROIC, EBITDA and FCF screens do not apply",NMS,USD,96.93,2055823872.0,34969921.0
PRCH,"Porch Group, Inc.",Financial Services,Insurance - Property & Casualty,United States,2050168192.0,4,"2022,2023,2024,2025",,,,,,,,,,,,,,,"bank/insurer/lender: ROIC, EBITDA and FCF screens do not apply",NCM,USD,18.06,2050168192.0,32290540.0
EZPW,"EZCORP, Inc.",Financial Services,Credit Services,United States,2046064384.0,4,"2022,2023,2024,2025",,,,,,,,,,,,,,,"bank/insurer/lender: ROIC, EBITDA and FCF screens do not apply",NMS,USD,33.3,2046064384.0,36345452.0
CHCO,City Holding Company,Financial Services,Banks - Regional,United States,2036837376.0,4,"2022,2023,2024,2025",,,,,,,,,,,,,,,"bank/insurer/lender: ROIC, EBITDA and FCF screens do not apply",NMS,USD,144.95,2036837376.0,19169348.0
HAPN,"Happen, Inc.",Financial Services,Banks - Regional,United States,2028863232.0,4,"2022,2023,2024,2025",,,,,,,,,,,,,,,"bank/insurer/lender: ROIC, EBITDA and FCF screens do not apply",NMS,USD,17.58,2028863232.0,31134110.0
