ticker,name,sector,industry,country,market_cap,n_years,fiscal_years,roic_avg,roic_trend,roic_latest,fcf_margin_avg,fcf_positive_years,fcf_years,rev_cagr,net_debt,ebitda_latest,nd_to_ebitda,net_cash,share_change,gm_avg,gm_std,exclude_reason,exchange,currency,price,market_cap_usd,dollar_volume_usd,score_roic,score_fcf,score_growth,score_balance,score_shares,score_gm_stability,quality_score,rank,pulled
EXEL,"Exelixis, Inc.",Healthcare,Biotechnology,United States,14651331584.0,4,"2022,2023,2024,2025",0.17557833304884082,0.28025402942869543,0.34323231832043305,0.2220945148397271,4.0,4.0,0.1292751520741946,-886053000.0,921756000.0,0.0,True,-0.13154278460419777,0.963299692730643,0.0017335035159869233,,NMS,USD,59.13,14651331584.0,151189734.0,88.6,85.4,72.5,100,100,98.3,89.9,1,2026-09-04
MEDP,"Medpace Holdings, Inc.",Healthcare,Diagnostics & Research,United States,16562497536.0,4,"2022,2023,2024,2025",0.6226745972578775,0.4157861066441674,0.9694925621526953,0.24793136410142455,4.0,4.0,0.20116593493531365,-383406000.0,563059000.0,0.0,True,-0.12307326779721417,0.296528809787867,0.011939152332943166,,NMS,USD,593.39,16562497536.0,179404346.0,100.0,88.0,84.9,100,100,64.2,89.9,2,2026-09-04
ABNB,"Airbnb, Inc.",Consumer Cyclical,Travel Services,United States,110925045760.0,4,"2022,2023,2024,2025",0.18780263668183728,-0.03896756421086939,0.19956854285153952,0.39663262699348134,4.0,4.0,0.13378255972989694,-8947000000.0,2544000000.0,0.0,True,-0.08382352941176474,0.8275578569366353,0.0035985922957390026,,NMS,USD,185.25,110925045760.0,808329112.0,80.8,95.6,73.4,100,100,92.9,89.3,3,2026-09-04
ADBE,Adobe Inc.,Technology,Software - Application,United States,113585627136.0,4,"2022,2023,2024,2025",0.3104698649130988,0.1477609704558187,0.41370156451522466,0.38958588816302625,4.0,4.0,0.10522339932516123,779000000.0,9815000000.0,0.0793683138053999,False,-0.09341825902335454,0.8846932579714483,0.0068950773525394415,,NMS,USD,285.75,113585627136.0,1777617889.0,100.0,95.5,66.2,85,100,81.6,89.0,4,2026-09-04
LOPE,"Grand Canyon Education, Inc.",Consumer Defensive,Education & Training Services,United States,3973614592.0,4,"2022,2023,2024,2025",0.2879767569094459,0.02408416203544761,0.31368194535118943,0.21736342454044755,4.0,4.0,0.06669303937480997,-192756000.0,343223000.0,0.0,True,-0.13068833948568415,0.5295326514321269,0.004173445409638725,,NMS,USD,152.45,3973614592.0,54072643.0,99.8,84.8,53.6,100,100,90.9,88.6,5,2026-09-04
KLAC,KLA Corporation,Technology,Semiconductor Equipment & Materials,United States,225954201600.0,4,"2023,2024,2025,2026",0.3855011205515486,0.0003249849167646368,0.41492172292188556,0.3029085660343613,4.0,4.0,0.08964649002419045,4237573000.0,6284343000.0,0.6743064469905605,False,-0.0589845616286947,0.6049736578685941,0.006262938315307795,,NMS,USD,172.94,225954201600.0,2185707897.0,100.0,91.9,61.7,85,100,83.6,87.9,6,2026-09-04
ASML,ASML Holding N.V.,Technology,Semiconductor Equipment & Materials,Netherlands,632301551616.0,4,"2022,2023,2024,2025",0.3930790188200674,-0.028529452414332246,0.39513984443676026,0.27882162023191925,4.0,4.0,0.15551134263329014,-8931000000.0,12550300000.0,0.0,True,-0.022864321608040195,0.5148393702673898,0.00835054832596436,,NMS,USD,1646.19,632301551616.0,3012484899.0,92.8,90.8,78.4,100,80,75.9,87.5,7,2026-09-04
DOCS,"Doximity, Inc.",Healthcare,Health Information Services,United States,4830466048.0,4,"2023,2024,2025,2026",0.15469751528718,0.06749252526621104,0.17720942706268267,0.43721031229273977,4.0,4.0,0.15451571072120696,-738416000.0,229303000.0,0.0,True,-0.0673632423567998,0.8896915339127138,0.010824069362714751,,NYQ,USD,27.1,4830466048.0,126739410.0,83.4,96.5,78.0,100,100,67.5,87.0,8,2026-09-04
MANH,"Manhattan Associates, Inc.",Technology,Software - Application,United States,12964111360.0,4,"2022,2023,2024,2025",0.644624735222997,0.1413558091082815,0.6907526345051069,0.27654079214802474,4.0,4.0,0.12127827938739433,-272567000.0,289054000.0,0.0,True,-0.037124653040625843,0.5451739038050611,0.01184078372207156,,NMS,USD,222.35,12964111360.0,175014353.0,100.0,90.7,70.8,100,80,64.3,86.4,9,2026-09-04
ADSK,"Autodesk, Inc.",Technology,Software - Application,United States,49641680896.0,4,"2023,2024,2025,2026",0.2317217724316224,-0.03108044227761997,0.22717076700434152,0.30188876295572803,4.0,4.0,0.12918055811635742,234000000.0,1989000000.0,0.11764705882352941,False,-0.013761467889908285,0.906664625746011,0.002087851596854599,,NMS,USD,237.52,49641680896.0,591703411.0,86.3,91.8,72.4,85,80,97.6,86.2,10,2026-09-04
PAYC,"Paycom Software, Inc.",Technology,Software - Application,United States,10840626176.0,4,"2022,2023,2024,2025",0.2695983236073275,0.030285465312937326,0.2632917123881028,0.17789417953781428,4.0,4.0,0.14265729931464977,-279700000.0,799100000.0,0.0,True,-0.035668242372152936,0.8340432815892161,0.008343582272778987,,NYQ,USD,240.52,10840626176.0,223017841.0,98.6,78.3,75.6,100,80,76.1,86.1,11,2026-09-04
QLYS,"Qualys, Inc.",Technology,Software - Infrastructure,United States,6031638528.0,4,"2022,2023,2024,2025",0.3458335214954554,-0.04721731055645445,0.3176093792602018,0.4046976916538837,4.0,4.0,0.10964889505445607,-393665000.0,236443000.0,0.0,True,-0.073480073200488,0.8103115988273677,0.014089264414865415,,NMS,USD,174.35,6031638528.0,133615563.0,92.0,95.9,68.2,100,100,56.6,85.9,12,2026-09-04
BKNG,Booking Holdings Inc.,Consumer Cyclical,Travel Services,United States,146616877056.0,4,"2022,2023,2024,2025",0.42884723562367966,0.2876510982902272,0.5079160206718346,0.3399210557490493,4.0,4.0,0.1634869878187224,1533000000.0,9217000000.0,0.1663230986221113,False,-0.18508439029261958,,,,NMS,USD,195.13,146616877056.0,1304254774.0,100.0,93.1,79.7,85,100,50.0,85.8,13,2026-09-04
PCTY,Paylocity Holding Corporation,Technology,Software - Application,United States,8550171136.0,4,"2023,2024,2025,2026",0.17940878070798924,0.043039971784016084,0.20636792425078707,0.2145559197992355,4.0,4.0,0.14675263514678383,-138945000.0,497790000.0,0.0,True,0.006714255424411508,0.6880245044550284,0.0024459335731178327,,NMS,USD,154.43,8550171136.0,117042651.0,89.4,84.6,76.5,100,55,96.8,85.8,14,2026-09-04
MSFT,Microsoft Corporation,Technology,Software - Infrastructure,United States,3787919458304.0,4,"2023,2024,2025,2026",0.28129494717800274,-0.009528840703861563,0.28217789803203364,0.2597223950312134,4.0,4.0,0.1612397915820203,19359000000.0,207519000000.0,0.09328784352276177,False,-0.002542826552462518,0.6886309136705198,0.006445522270393101,,NMS,USD,510.12,3787919458304.0,18921819435.0,89.4,89.2,79.5,85,80,83.0,85.3,15,2026-09-04
HRB,"H&R Block, Inc.",Consumer Cyclical,Personal Services,United States,6298888192.0,4,"2023,2024,2025,2026",0.4371904496720259,0.09335682385794075,0.5006511189380111,0.18737739279986868,4.0,4.0,0.043507963414960216,532787000.0,1056939000.0,0.5040849093467078,False,-0.1266025641025641,0.4457601896808012,0.0018131493273810622,,NYQ,USD,51.1,6298888192.0,112188364.0,100.0,79.9,43.8,85,100,98.2,85.0,16,2026-09-04
WHD,"Cactus, Inc.",Energy,Oil & Gas Equipment & Services,United States,4995684352.0,4,"2022,2023,2024,2025",0.22329698180594948,-0.08884649588696533,0.1661879402147767,0.21222651360127465,4.0,4.0,0.16164534335929015,-85822000.0,327236000.0,0.0,True,-0.09591679002318665,0.3697488048758981,0.012048412157856772,,NYQ,USD,71.64,4995684352.0,57121939.0,85.5,84.2,79.6,100,100,63.5,84.7,17,2026-09-04
FTNT,"Fortinet, Inc.",Technology,Software - Infrastructure,United States,114723471360.0,4,"2022,2023,2024,2025",1.2905109331223223,-0.4943375161671937,0.8348388396454474,0.32434058976307784,4.0,4.0,0.15461947760091377,-2586200000.0,2454300000.0,0.0,True,-0.050540171364708786,0.7828442943131306,0.022683274403537863,,NMS,USD,156.36,114723471360.0,874767122.0,94.8,92.6,78.1,100,100,37.1,84.5,18,2026-09-04
INCY,Incyte Corporation,Healthcare,Biotechnology,United States,25945311232.0,4,"2022,2023,2024,2025",0.1290723173872255,0.17098171122561945,0.24934745092286797,0.17459102829893505,4.0,4.0,0.14839595478338863,-3540192000.0,1760165000.0,0.0,True,-0.10384982898579198,0.9310152991164976,0.004918850448621339,,NMS,USD,128.0,25945311232.0,233744256.0,75.5,77.6,76.9,100,100,88.4,84.2,19,2026-09-04
INFY,Infosys Limited,Technology,Information Technology Services,India,48968118272.0,4,"2023,2024,2025,2026",0.3149281245689146,0.014440079770766445,0.34242877580216635,0.17291392151135487,4.0,4.0,0.03441926382216631,-2785000000.0,5105000000.0,0.0,True,-0.01614786166295057,0.30233350262736747,0.0013790704075126276,,NYQ,USD,12.09,48968118272.0,258031538.0,100.0,77.0,38.9,100,80,99.0,84.1,20,2026-09-04
CHKP,Check Point Software Technologies Ltd.,Technology,Software - Infrastructure,Israel,14029647872.0,4,"2022,2023,2024,2025",0.2564069928011214,-0.12282964176358266,0.15023423015120926,0.42882419058592525,4.0,4.0,0.053653118158399016,172100000.0,1040000000.0,0.16548076923076924,False,-0.1297403879651623,0.8737707143727025,0.006117364201795486,,NMS,USD,137.41,14029647872.0,162432911.0,87.8,96.5,48.4,85,100,84.4,83.9,21,2026-09-04
ANET,"Arista Networks, Inc.",Technology,Computer Hardware,United States,241448861696.0,4,"2022,2023,2024,2025",0.26293593968320683,-0.009759201719165833,0.2574785659431713,0.36015922745681045,4.0,4.0,0.27146525721597636,-10743000000.0,3928700000.0,0.0,True,0.007792478646522882,0.6280205165286269,0.013295191335802061,,NYQ,USD,191.44,241448861696.0,1442923674.0,88.1,94.5,90.6,100,55,59.3,83.9,22,2026-09-04
HRMY,"Harmony Biosciences Holdings, Inc.",Healthcare,Biotechnology,United States,2437775360.0,4,"2022,2023,2024,2025",0.18480464482335274,-0.00011895479905799089,0.16397263708299117,0.35311966458277483,4.0,4.0,0.25643107389453723,-611677000.0,255048000.0,0.0,True,-0.04177738874277803,0.7883127171531111,0.014071399476667164,,NGM,USD,41.86,2437775360.0,33856954.0,80.6,94.0,89.6,100,80,56.9,83.9,23,2026-09-04
META,"Meta Platforms, Inc.",Communication Services,Internet Content & Information,United States,1555711000576.0,4,"2022,2023,2024,2025",0.23049976043262513,0.04989199647120285,0.22203080917579454,0.262555700786038,4.0,4.0,0.19893831442939258,22871000000.0,105713000000.0,0.21634992858021246,False,-0.04737231680236864,0.8069225983567377,0.014281381813699558,,NMS,USD,610.68,1555711000576.0,11022157824.0,96.2,89.7,84.4,85,80,55.8,83.8,24,2026-09-04
LRCX,Lam Research Corporation,Technology,Semiconductor Equipment & Materials,United States,366211596288.0,4,"2023,2024,2025,2026",0.37307674717880385,0.10211996823736735,0.45702606246335603,0.2645226249280629,4.0,4.0,0.10055823901653271,-1844608000.0,8860890000.0,0.0,True,-0.07158590632684014,0.47778234410871123,0.021374449686359483,,NMS,USD,292.66,366211596288.0,3316627397.0,100.0,89.8,64.7,100,100,39.3,83.6,25,2026-09-04
UTHR,United Therapeutics Corporation,Healthcare,Drug Manufacturers - Specialty & Generic,United States,21026732032.0,4,"2022,2023,2024,2025",0.1654633981049195,0.05504536606307317,0.190287562357318,0.3411939845605239,4.0,4.0,0.18016035015589815,-1557100000.0,1819000000.0,0.0,True,-0.012371134020618513,0.895665693564398,0.015804002681968132,,NMS,USD,490.24,21026732032.0,255065499.0,87.0,93.2,82.1,100,80,51.4,83.4,26,2026-09-04
YOU,"Clear Secure, Inc.",Technology,Software - Application,United States,6054790656.0,4,"2022,2023,2024,2025",0.24900176351569692,1.2920265628104648,0.8561448456682458,0.34616137679652903,4.0,4.0,0.2722386124667089,-587850000.0,221102000.0,0.0,True,0.1909337695146427,0.6334796236169156,0.007681547842958312,,NYQ,USD,44.59,6054790656.0,70120763.0,97.3,93.5,90.6,100,0,78.7,83.4,27,2026-09-04
NVDA,NVIDIA Corporation,Technology,Semiconductors,United States,5516382175232.0,4,"2023,2024,2025,2026",0.5583979091289366,0.6194753994541207,0.7256643629683701,0.37468178785940054,4.0,4.0,1.0004509499443963,-51516000000.0,144552000000.0,0.0,True,-0.02217790187475066,0.6892581229928632,0.0706490250258461,,NMS,USD,228.45,5516382175232.0,31283844081.0,100.0,95.1,98.5,100,80,10.3,83.3,28,2026-09-04
DLO,DLocal Limited,Technology,Software - Infrastructure,Uruguay,4643566592.0,4,"2022,2023,2024,2025",0.2814368336489831,0.027876610518437317,0.30036894716067297,0.2585893574039911,3.0,4.0,0.37691042101675043,-457816000.0,255168000.0,0.0,True,-0.036392342962356716,0.41789974027394056,0.04251463297771149,,NMS,USD,15.78,4643566592.0,40977173.0,99.5,89.0,95.4,100,80,18.9,82.8,29,2026-09-04
NVO,Novo Nordisk A/S,Healthcare,Drug Manufacturers - General,Denmark,210043125760.0,4,"2022,2023,2024,2025",0.4879637383537988,-0.19887972116928182,0.3341470782693335,0.249384034735812,4.0,4.0,0.2042851902310494,95922000000.0,156729000000.0,0.6120245774553529,False,-0.02132200853760502,0.8354311721284565,0.015089916643522928,,NYQ,USD,47.51,210043125760.0,575215875.0,93.7,88.1,85.1,85,80,53.3,82.6,30,2026-09-04
LAUR,"Laureate Education, Inc.",Consumer Defensive,Education & Training Services,United States,4952089600.0,4,"2022,2023,2024,2025",0.22819559922180535,0.01569005631614867,0.2211690767646288,0.12230627943465118,4.0,4.0,0.11064461576291684,368768000.0,522359000.0,0.7059665861983808,False,-0.11645870469399877,0.271656812295601,0.006862477075018394,,NMS,USD,35.95,4952089600.0,41792414.0,95.9,65.4,68.7,85,100,81.9,82.4,31,2026-09-04
GOOGL,Alphabet Inc.,Communication Services,Internet Content & Information,United States,4188508258304.0,4,"2022,2023,2024,2025",0.2653133370038314,0.06335200223938584,0.287466726719964,0.20700307795125886,4.0,4.0,0.12511745609215974,15839000000.0,180698000000.0,0.08765453961859013,False,-0.07059806976214,0.5746431024500567,0.016109221022760956,,NMS,USD,342.48,4188508258304.0,10440532938.0,98.4,83.2,71.4,85,100,50.7,82.3,32,2026-09-04
AMAT,"Applied Materials, Inc.",Technology,Semiconductor Equipment & Materials,United States,345937051648.0,4,"2022,2023,2024,2025",0.3158237371383479,-0.11384379694319141,0.26706340378197996,0.23540164171481867,4.0,4.0,0.032334704568867556,-1523000000.0,9975000000.0,0.0,True,-0.07867730900798175,0.47336382876403266,0.008497080197395146,,NMS,USD,435.91,345937051648.0,4125788327.0,91.3,86.8,38.0,100,100,75.3,82.2,33,2026-09-04
IT,"Gartner, Inc.",Technology,Information Technology Services,United States,12343099392.0,4,"2022,2023,2024,2025",0.3148956256226707,-0.08774149724281904,0.24937331103695137,0.19029604907893727,4.0,4.0,0.05866587905959064,1259153000.0,1293704000.0,0.9732929634599569,False,-0.06737636769585653,0.6824065565876353,0.005454827455397097,,NYQ,USD,195.46,12343099392.0,277016271.0,91.1,80.4,50.8,85,100,86.4,82.2,34,2026-09-04
ROL,"Rollins, Inc.",Consumer Cyclical,Personal Services,United States,17181702144.0,4,"2022,2023,2024,2025",0.2778330776584062,-0.0042405877029531025,0.276109269909397,0.16671049697388268,4.0,4.0,0.1173929088277419,509826000.0,854228000.0,0.5968266083528051,False,-0.01678672171530804,0.5227016141156114,0.0051612342158377416,,NYQ,USD,35.71,17181702144.0,183463517.0,89.3,76.4,70.2,85,80,87.4,82.0,35,2026-09-04
IDXX,"IDEXX Laboratories, Inc.",Healthcare,Diagnostics & Research,United States,41698058240.0,4,"2022,2023,2024,2025",0.3848425672790778,0.08126753347860727,0.44449042482940787,0.19311134354139906,4.0,4.0,0.08522326458275908,667767000.0,1508224000.0,0.4427505463379445,False,-0.042257683215130015,0.6054437583715123,0.009193985690011551,,NMS,USD,529.29,41698058240.0,327920561.0,100.0,80.9,60.4,85,80,72.9,81.9,36,2026-09-04
GNTX,Gentex Corporation,Consumer Cyclical,Auto Parts,United States,4812007424.0,4,"2022,2023,2024,2025",0.16535429244029198,0.008206326676615666,0.16259997030328213,0.1468199622812694,4.0,4.0,0.09714090848029033,-147236356.0,589622256.0,0.0,True,-0.07053385256103706,0.33119953651302864,0.00867900339462636,,NMS,USD,22.84,4812007424.0,59891596.0,86.9,71.7,63.7,100,100,74.7,81.8,37,2026-09-04
CPRT,"Copart, Inc.",Industrials,Specialty Business Services,United States,31088750592.0,4,"2022,2023,2024,2025",0.18895754687642913,-0.09067838623525815,0.15088825064631856,0.2376415527639936,4.0,4.0,0.0989943984010011,-4685331000.0,1914498000.0,0.0,True,0.013434528573383453,0.4524207373642819,0.0038276530298289708,,NMS,USD,33.58,31088750592.0,400440896.0,81.1,87.3,64.3,100,55,92.1,81.7,38,2026-09-04
GRMN,Garmin Ltd.,Technology,Scientific & Technical Instruments,Switzerland,53454868480.0,4,"2022,2023,2024,2025",0.15879004802830757,0.021952986676253644,0.17270857872955828,0.1807487259216477,4.0,4.0,0.14235886942453901,-2573013000.0,2064835000.0,0.0,True,0.002973446193056395,0.5816819294197542,0.005644833437954937,,NYQ,USD,277.18,53454868480.0,258786612.0,84.6,78.8,75.5,100,55,85.7,81.6,39,2026-09-04
MPWR,"Monolithic Power Systems, Inc.",Technology,Semiconductors,United States,59642404864.0,4,"2022,2023,2024,2025",0.1933963353823596,-0.0959679251933703,0.16732954778101186,0.2359997839791968,4.0,4.0,0.1586149467868072,-1236573000.0,781149000.0,0.0,True,-0.001013275983291262,0.562524124142393,0.013096736024985215,,NMS,USD,1213.65,59642404864.0,1123483087.0,81.5,87.0,79.0,100,80,60.2,81.6,40,2026-09-04
VRTX,Vertex Pharmaceuticals Incorporated,Healthcare,Biotechnology,United States,141421068288.0,4,"2022,2023,2024,2025",0.16889567949512796,-0.029502679899185952,0.21239515445359963,0.23728187633367898,3.0,4.0,0.10352183400647985,-4577600000.0,4866300000.0,0.0,True,-0.004245465071401,0.8686665962557294,0.0073403727741200575,,NMS,USD,557.96,141421068288.0,838068195.0,77.7,87.1,65.6,100,80,79.6,81.6,41,2026-09-04
DECK,Deckers Outdoor Corporation,Consumer Cyclical,Footwear & Accessories,United States,11507366912.0,4,"2023,2024,2025,2026",0.36287251420486444,0.11621165153074547,0.41041942553281713,0.18467274925305133,4.0,4.0,0.1469097911350663,-1532055000.0,1404659000.0,0.0,True,-0.08937895026106069,0.5538544137320767,0.030530483804718695,,NYQ,USD,84.5,11507366912.0,197997780.0,100.0,79.5,76.6,100,100,27.3,81.5,42,2026-09-04
CORT,Corcept Therapeutics Incorporated,Healthcare,Biotechnology,United States,12193500160.0,4,"2022,2023,2024,2025",0.15179069925333158,-0.14127474593384778,0.05463006614644839,0.2593675003684885,4.0,4.0,0.23741321251884795,-366045000.0,,0.0,True,0.03467395615956392,0.9850000414302681,0.0016153767611480421,,NCM,USD,112.8,12193500160.0,122617774.0,72.9,89.2,88.0,100,25,98.6,81.5,43,2026-09-04
NBIX,"Neurocrine Biosciences, Inc.",Healthcare,Drug Manufacturers - Specialty & Generic,United States,16096148480.0,4,"2022,2023,2024,2025",0.1295646559588088,0.03694205028142672,0.13275107435984138,0.2267069280651807,4.0,4.0,0.24321122073118917,-1065100000.0,666600000.0,0.0,True,0.03640040444893833,0.9826823087711967,0.0025471784519178883,,NMS,USD,158.35,16096148480.0,196045693.0,75.6,86.1,88.4,100,25,96.7,81.4,44,2026-09-04
ADP,"Automatic Data Processing, Inc.",Technology,Software - Application,United States,112635904000.0,4,"2023,2024,2025,2026",0.45498246588685554,-0.12155978069380163,0.43357204245450326,0.20507371941870547,4.0,4.0,0.06808407405467554,734000000.0,6775500000.0,0.10833148845103682,False,-0.016839066634592226,0.45656407304497,0.006324076968419431,,NMS,USD,283.53,112635904000.0,706740771.0,93.5,82.6,54.3,85,80,83.4,81.3,45,2026-09-04
APP,AppLovin Corporation,Communication Services,Advertising Agencies,United States,105343909888.0,4,"2022,2023,2024,2025",0.30222168799279114,0.6458581840194489,0.6397326837598877,0.5126158939017713,4.0,4.0,0.2483811324958407,1025891000.0,4354704000.0,0.23558225771487568,False,-0.07965704830279374,0.7694145321176347,0.12690853055357565,,NMS,USD,313.58,105343909888.0,1892699579.0,100.0,97.7,88.8,85,100,3.9,81.2,46,2026-09-04
MCRI,"Monarch Casino & Resort, Inc.",Consumer Cyclical,Resorts & Casinos,United States,2161276672.0,4,"2022,2023,2024,2025",0.16292755445695412,0.021882937959621124,0.18576372682128442,0.21786040902171838,4.0,4.0,0.044869641224880796,-83170000.0,181517000.0,0.0,True,-0.04688936561446522,0.5420475874240103,0.0054284498897439635,,NMS,USD,120.59,2161276672.0,19649899.0,86.0,84.9,44.5,100,80,86.7,81.2,47,2026-09-04
JNJ,Johnson & Johnson,Healthcare,Drug Manufacturers - General,United States,670988042240.0,4,"2022,2023,2024,2025",0.1586630854244638,0.07053549724268568,0.21318711258370213,0.20798932253409347,4.0,4.0,0.05599284954178807,28224000000.0,41055000000.0,0.6874680306905371,False,-0.08802882991103267,0.6875521980000945,0.005287668723692683,,NYQ,USD,278.43,670988042240.0,2194368641.0,84.5,83.6,49.6,85,100,87.1,81.1,48,2026-09-04
CDNS,"Cadence Design Systems, Inc.",Technology,Software - Application,United States,83960438784.0,4,"2022,2023,2024,2025",0.20456004764631502,-0.09815475863467585,0.1501732497679566,0.2897747978110296,4.0,4.0,0.14143248241855333,-539091000.0,1872428000.0,0.0,True,-0.006177934700793752,0.8783569729824356,0.016344135490349916,,NMS,USD,304.875,83960438784.0,712741348.0,82.9,91.4,75.4,100,80,50.2,80.9,49,2026-09-04
CVLT,"Commvault Systems, Inc.",Technology,Software - Application,United States,5682878464.0,4,"2023,2024,2025,2026",0.123401001364534,0.14602483130909633,0.08281566194671737,0.2139366368833511,4.0,4.0,0.1469163309501338,17514000.0,106267000.0,0.16481127725446282,False,-0.00022389396381872206,0.8196137756923773,0.005637638249231212,,NMS,USD,137.12,5682878464.0,99956915.0,74.0,84.6,76.7,85,80,85.8,80.5,50,2026-09-04
FN,Fabrinet,Technology,Electronic Components,Cayman Islands,14154771456.0,4,"2023,2024,2025,2026",0.17462553439656253,0.02440177735194851,0.1927377763362909,0.06116793010707775,4.0,4.0,0.20610565081956,-871042000.0,623568000.0,0.0,True,-0.016361416361416414,0.1228610553521363,0.0027940105484492756,,NYQ,USD,395.0,14154771456.0,389869740.0,88.4,41.5,85.2,100,80,95.6,80.5,51,2026-09-04
FAST,Fastenal Company,Industrials,Industrial Distribution,United States,56491307008.0,4,"2022,2023,2024,2025",0.30774088587532156,0.015003009723408178,0.3103062478493831,0.13374528560181437,4.0,4.0,0.05515402516123835,165100000.0,1840400000.0,0.0897087589654423,False,-0.0007817929117442945,0.4545542042271547,0.0043379989053827514,,NMS,USD,49.23,56491307008.0,380619087.0,100.0,68.3,49.4,85,80,90.3,80.4,52,2026-09-04
ACN,Accenture plc,Technology,Information Technology Services,Ireland,118178250752.0,4,"2022,2023,2024,2025",0.2758065780423542,-0.09376055783903373,0.22747966396338506,0.14309613283033126,4.0,4.0,0.04193654176414818,-3301808000.0,11867333000.0,0.0,True,-0.016184565763112668,0.32211489090120526,0.00279889155699826,,NYQ,USD,193.12,118178250752.0,1622186757.0,89.1,70.6,42.9,100,80,95.5,80.2,53,2026-09-04
MNST,Monster Beverage Corporation,Consumer Defensive,Beverages - Non-Alcoholic,United States,86355009536.0,4,"2022,2023,2024,2025",0.20356909524734995,0.053970273913632905,0.22497206374062467,0.19130273431752337,4.0,4.0,0.09536818669323455,-2765201000.0,2533795000.0,0.0,True,-0.0768827559304679,0.533317194415407,0.020028568467399054,,NMS,USD,44.08,86355009536.0,497221078.0,92.8,80.7,63.0,100,100,42.0,80.1,54,2026-09-04
LUG.TO,Lundin Gold Inc.,Basic Materials,Gold,Canada,24563226624.0,4,"2022,2023,2024,2025",0.34116255408367513,0.45686737065675564,0.5807009747729137,0.5401781607287603,4.0,4.0,0.2978010551488157,-630181000.0,1258673000.0,0.0,True,0.024526862070707756,0.5532216606411046,0.09282338163580452,,TOR,CAD,101.58,17811830385.0,44528611.0,100.0,98.2,92.5,100,55,7.4,80.1,55,2026-09-04
BMI,"Badger Meter, Inc.",Technology,Scientific & Technical Instruments,United States,3942791168.0,4,"2022,2023,2024,2025",0.1778994903546428,0.04355475767613007,0.19311696299141728,0.1579927999593383,4.0,4.0,0.17464948058562912,-226016000.0,218005000.0,0.0,True,0.0065842351924663145,0.39922396333419524,0.010676143462872397,,NYQ,USD,136.02,3942791168.0,61622229.0,89.2,74.3,81.3,100,55,68.2,80.1,56,2026-09-04
ORLY,"O'Reilly Automotive, Inc.",Consumer Cyclical,Auto Parts,United States,70686990336.0,4,"2022,2023,2024,2025",0.620466852180914,-0.17495111441347144,0.5179560428829866,0.12962260406698867,4.0,4.0,0.07260598606028323,5823111000.0,3986465000.0,1.4607204628662236,False,-0.12162084500682446,0.5131851402641938,0.0015940236645966006,,NMS,USD,87.38,70686990336.0,647952147.0,94.3,67.3,55.6,65,100,98.6,79.9,57,2026-09-04
TSM,Taiwan Semiconductor Manufacturing Company Limited,Technology,Semiconductors,Taiwan,2162811600896.0,4,"2022,2023,2024,2025",0.23826583374873564,0.00018162256561815582,0.2669674971563988,0.23019160429645258,4.0,4.0,0.18937972542772896,-2063485400000.0,2742121500000.0,0.0,True,5.2720505345549284e-05,0.5748311349402002,0.023301124724520696,,NYQ,USD,417.01,2162811600896.0,5498076685.0,96.5,86.6,83.2,100,55,36.3,79.9,58,2026-09-04
ABEV,Ambev S.A.,Consumer Defensive,Beverages - Brewers,Brazil,46876794880.0,4,"2022,2023,2024,2025",0.18367260995198545,0.06964563390716755,0.20636922467288535,0.218837598441543,4.0,4.0,0.03448415778904379,-16933000000.0,28974500000.0,0.0,True,-0.010392085105308979,0.5066953863629248,0.00838209848274091,,NYQ,USD,3.04,46876794880.0,87227346.0,90.3,85.1,39.0,100,80,75.8,79.8,59,2026-09-04
RYAAY,Ryanair Holdings plc,Industrials,Airlines,Ireland,28354738176.0,4,"2023,2024,2025,2026",0.1769249353824585,0.047986664063321416,0.19283776205450734,0.12248145957633338,4.0,4.0,0.12992237786800964,-2054300000.0,3834500000.0,0.0,True,-0.06598806598806595,0.2109940149383619,0.01413685379405421,,NMS,USD,54.7,28354738176.0,71144570.0,89.1,65.5,72.7,100,100,56.1,79.7,60,2026-09-04
RMBS,Rambus Inc.,Technology,Semiconductors,United States,9147651072.0,4,"2022,2023,2024,2025",0.11721770969436288,0.1756071809955668,0.16965373179178042,0.4164302389427934,4.0,4.0,0.15877065457466877,-736850000.0,325318000.0,0.0,True,-0.0021649371528792427,0.7843186005927771,0.015517453064919366,,NMS,USD,84.34,9147651072.0,245885511.0,71.1,96.1,79.1,100,80,52.0,79.7,61,2026-09-04
FFIV,"F5, Inc.",Technology,Software - Infrastructure,United States,22206349312.0,4,"2022,2023,2024,2025",0.16022247725018066,0.06672019365590268,0.18882468536321975,0.23220765559306258,4.0,4.0,0.04631913174341684,-1082482000.0,883832000.0,0.0,True,-0.039494574201679344,0.8012593334474309,0.008890646569414691,,NMS,USD,392.15,22206349312.0,237865641.0,85.0,86.6,45.2,100,80,73.9,79.5,62,2026-09-04
NOW,"ServiceNow, Inc.",Technology,Software - Application,United States,150519971840.0,4,"2022,2023,2024,2025",0.09066352624470042,0.07777653780940713,0.12213988239363542,0.3124172843731414,4.0,4.0,0.22376517864742618,-3881000000.0,3022000000.0,0.0,True,0.026470588235294024,0.7839702605927479,0.005922915696491979,,NYQ,USD,145.59,150519971840.0,3282651652.0,58.6,92.3,86.9,100,55,85.0,79.4,63,2026-09-04
JKHY,"Jack Henry & Associates, Inc.",Technology,Information Technology Services,United States,11804859392.0,4,"2022,2023,2024,2025",0.21503709337524,-0.02586665983699224,0.21769210517112567,0.14237118535369664,4.0,4.0,0.06927595521734675,-101953000.0,801225000.0,0.0,True,-0.006001143074871429,0.4182409630572363,0.005637987793200196,,NMS,USD,168.37,11804859392.0,214242406.0,84.5,70.5,54.6,100,80,85.8,79.3,64,2026-09-04
EXLS,"ExlService Holdings, Inc.",Technology,Information Technology Services,United States,5658178560.0,4,"2022,2023,2024,2025",0.18122956263797846,0.07136731284577219,0.21888198989022561,0.11168593793300069,4.0,4.0,0.13921360876866395,152272000.0,416550000.0,0.3655551554435242,False,-0.03953261256815588,0.3743366308205909,0.0066986216021095975,,NMS,USD,37.32,5658178560.0,95696541.0,90.0,62.1,74.8,85,80,82.4,79.3,65,2026-09-04
RMD,ResMed Inc.,Healthcare,Medical Instruments & Supplies,United States,33061185536.0,4,"2022,2023,2024,2025",0.19219901932118225,0.02434248860774743,0.21206239957469322,0.1955832270988716,4.0,4.0,0.12879187738214926,-357637000.0,1921174000.0,0.0,True,0.003447971001679706,0.570979131367434,0.013521451121818517,,NYQ,USD,229.19,33061185536.0,340512625.0,91.4,81.2,72.4,100,55,58.5,79.2,66,2026-09-04
ISRG,"Intuitive Surgical, Inc.",Healthcare,Medical Instruments & Supplies,United States,132501962752.0,4,"2022,2023,2024,2025",0.1278208756282499,0.024058740345277024,0.14360634537701975,0.16570568980125516,4.0,4.0,0.17386716793068868,-5934900000.0,3622600000.0,0.0,True,0.001933701657458542,0.6681944440064957,0.00642889501710804,,NMS,USD,369.83,132501962752.0,1115368818.0,75.0,76.3,81.2,100,55,83.1,79.2,67,2026-09-04
DSGX,The Descartes Systems Group Inc.,Technology,Software - Application,Canada,6919534080.0,4,"2023,2024,2025,2026",0.09831619687796611,0.0083071252316788,0.10155893464252536,0.3549947526503399,4.0,4.0,0.1446990636795522,-348163000.0,305188000.0,0.0,True,0.013047853697470302,0.7631715462897345,0.005881110460070603,,NMS,USD,80.75,6919534080.0,44501567.0,62.3,94.1,76.1,100,55,85.1,79.1,68,2026-09-04
REGN,"Regeneron Pharmaceuticals, Inc.",Healthcare,Biotechnology,United States,86839443456.0,4,"2022,2023,2024,2025",0.15027350872582876,-0.041556006066834184,0.13664976864163067,0.267610846252193,4.0,4.0,0.05620358857997587,-5899300000.0,5818200000.0,0.0,True,-0.043171806167400906,0.8620434780865882,0.006493469634109272,,NMS,USD,843.47,86839443456.0,724416740.0,72.5,90.2,49.7,100,80,82.8,79.0,69,2026-09-04
WING,Wingstop Inc.,Consumer Cyclical,Restaurants,United States,3004307968.0,4,"2022,2023,2024,2025",0.30039613598833864,0.21066241546200942,0.4246023201900358,0.1605713866894002,4.0,4.0,0.24914601228144218,1012522000.0,298041000.0,3.3972574243141045,False,-0.0630444214531255,0.48260014839244714,0.003221159982877483,,NMS,USD,110.28,3004307968.0,132162860.0,100.0,75.2,88.8,10,100,94.2,79.0,70,2026-09-04
ZTS,Zoetis Inc.,Healthcare,Drug Manufacturers - Specialty & Generic,United States,31524829184.0,4,"2022,2023,2024,2025",0.2177612034122277,0.04467239711298132,0.2304430615048897,0.2108143914259232,4.0,4.0,0.054225876815096274,6732000000.0,4069000000.0,1.654460555419022,False,-0.05647321428571428,0.7052948537440906,0.008350212279906203,,NYQ,USD,76.29,31524829184.0,486150015.0,94.5,84.0,48.8,65,100,76.0,78.9,71,2026-09-04
AGX,"Argan, Inc.",Industrials,Engineering & Construction,United States,5777068032.0,4,"2023,2024,2025,2026",0.1593166607726676,0.13810234258066012,0.25001721534541016,0.18616255982060742,3.0,4.0,0.2756563885918484,-892465000.0,140874000.0,0.0,True,-0.0020457110609480855,0.17427367303217445,0.02481739696891364,,NYQ,USD,411.77,5777068032.0,144406915.0,84.6,79.7,91.2,100,80,34.1,78.9,72,2026-09-04
LULU,lululemon athletica inc.,Consumer Cyclical,Apparel Retail,Canada,13827460096.0,4,"2023,2024,2025,2026",0.36128750374944807,-0.03715441248926754,0.314235555876449,0.11098053526023474,4.0,4.0,0.11034694078962404,-8761000.0,2706843000.0,0.0,True,-0.06990477827163577,0.5738218631764422,0.01487269523157785,,NMS,USD,121.77,13827460096.0,423359098.0,92.3,62.0,68.5,100,100,54.0,78.8,73,2026-09-04
DPM.TO,DPM Metals Inc.,Basic Materials,Gold,Canada,13530658816.0,4,"2022,2023,2024,2025",0.15451916613226904,0.025097435376572566,0.14454777320561996,0.44957150444228755,4.0,4.0,0.29913650231588074,-485375000.0,532317000.0,0.0,True,-0.02851303441821973,0.5481217618950172,0.0664286447718384,,TOR,CAD,61.68,9811650705.0,37489305.0,83.3,96.9,92.6,100,80,11.1,78.8,74,2026-09-04
MCD,McDonald's Corporation,Consumer Cyclical,Restaurants,United States,183724982272.0,4,"2022,2023,2024,2025",0.26084556325335084,0.01848480558711363,0.2568200619909384,0.2614987494238239,4.0,4.0,0.050637859467043134,39199000000.0,14678000000.0,2.6705954489712496,False,-0.033589639821934414,0.5706371791804175,0.00238736121453291,,NYQ,USD,259.63,183724982272.0,1193164975.0,97.9,89.4,46.9,45,80,96.9,78.7,75,2026-09-04
AAPL,Apple Inc.,Technology,Consumer Electronics,United States,4789955985408.0,4,"2022,2023,2024,2025",0.5930319771235371,0.06519723780068032,0.6513962526828703,0.26450369369976395,4.0,4.0,0.01812535743479393,62723000000.0,144748000000.0,0.43332550363390165,False,-0.08092224959740146,0.4513806851524051,0.014680738352528358,,NMS,USD,328.21,4789955985408.0,17948205204.0,100.0,89.8,32.2,85,100,54.6,78.7,76,2026-09-04
INTU,Intuit Inc.,Technology,Software - Application,United States,94178779136.0,4,"2022,2023,2024,2025",0.1223317078514436,0.06706220824909084,0.15834170976910797,0.3070722592717883,4.0,4.0,0.1395336514824015,3089000000.0,5890000000.0,0.5244482173174873,False,-0.0035211267605633756,0.7937679614112585,0.011156391432383094,,NMS,USD,344.3,94178779136.0,1599303798.0,73.4,92.1,75.0,85,80,66.6,78.7,77,2026-09-04
RACE,Ferrari N.V.,Consumer Cyclical,Auto Manufacturers,Italy,73457393664.0,4,"2022,2023,2024,2025",0.22264226431216244,0.06653569818270583,0.24610540860942717,0.14917292065300147,4.0,4.0,0.11933742456699536,1254362000.0,2766740000.0,0.45337183833681516,False,-0.031902987642050906,0.4991026556328448,0.013027659023201901,,NYQ,USD,417.93,73457393664.0,201401721.0,95.4,72.1,70.5,85,80,60.4,78.7,78,2026-09-04
CTAS,Cintas Corporation,Industrials,Specialty Business Services,United States,80454090752.0,4,"2023,2024,2025,2026",0.2527398885696763,0.04916369704380327,0.2753809430810945,0.16304171318754898,4.0,4.0,0.08514371661641951,2139055000.0,3124465000.0,0.6846148060547966,False,-0.017680431817522324,0.4922067722302567,0.0127047316868645,,NMS,USD,201.05,80454090752.0,442925615.0,97.5,75.7,60.3,85,80,61.5,78.6,79,2026-09-04
CRUS,"Cirrus Logic, Inc.",Technology,Semiconductors,United States,5669799424.0,4,"2023,2024,2025,2026",0.1559685793650794,0.08810745403361352,0.19509292333256267,0.22784364142580105,4.0,4.0,0.017225657139027017,-753650000.0,549932000.0,0.0,True,-0.07695802607206514,0.517372024922115,0.009617745997187831,,NMS,USD,113.13,5669799424.0,80866682.0,83.6,86.2,31.7,100,100,71.1,78.6,80,2026-09-04
GDDY,GoDaddy Inc.,Technology,Software - Infrastructure,United States,13124501504.0,4,"2022,2023,2024,2025",0.16875905281075737,0.10923374897576646,0.2514686889923412,0.2617007139852854,4.0,4.0,0.06564722266304868,2699400000.0,1287600000.0,2.0964585274930103,False,-0.12904983989545205,0.6355403397660954,0.00327840293855302,,NYQ,USD,103.63,13124501504.0,225940447.0,87.6,89.5,53.2,45,100,93.8,78.6,81,2026-09-04
FIX,"Comfort Systems USA, Inc.",Industrials,Engineering & Construction,United States,55613722624.0,4,"2022,2023,2024,2025",0.2749121203781887,0.24060841700903568,0.39654714494988436,0.0960268666952453,4.0,4.0,0.30025058911956903,-498540000.0,1442393000.0,0.0,True,-0.017560894412694927,0.20517677685521057,0.023605230284551287,,NYQ,USD,1580.19,55613722624.0,767469840.0,99.1,56.7,92.8,100,80,35.9,78.4,82,2026-09-04
MLI,"Mueller Industries, Inc.",Industrials,Metal Fabrication,United States,13925579776.0,4,"2022,2023,2024,2025",0.27301150855143214,-0.12598439506800815,0.23835877981262107,0.16691509892613715,4.0,4.0,0.016150740768837712,-1362246000.0,1081031000.0,0.0,True,-0.01430465918132795,0.2841104991915747,0.005406621254779143,,NYQ,USD,62.96,13925579776.0,91262094.0,88.9,76.4,31.4,100,80,86.8,78.3,83,2026-09-04
TTD,"The Trade Desk, Inc.",Communication Services,Advertising Agencies,United States,7090492416.0,4,"2022,2023,2024,2025",0.09405531912177914,0.11719643551332426,0.15964195370213466,0.2744296400335627,4.0,4.0,0.2244193656887754,-866727000.0,705105000.0,0.0,True,-0.012749912486873072,0.8067887232456533,0.01300388747029126,,NGM,USD,15.09,7090492416.0,329332852.0,59.6,90.6,87.0,100,80,60.7,78.2,84,2026-09-04
CW,Curtiss-Wright Corporation,Industrials,Aerospace & Defense,United States,21005355008.0,4,"2022,2023,2024,2025",0.12324239361568126,0.04623856907013375,0.14834100768217748,0.13880967724620444,4.0,4.0,0.1101380918895083,586539000.0,787975000.0,0.7443624480472096,False,-0.026339620688762944,0.37250290633783334,0.00199538392722234,,NYQ,USD,568.72,21005355008.0,178563862.0,73.9,68.7,68.4,85,80,97.8,77.9,85,2026-09-04
MTD,Mettler-Toledo International Inc.,Healthcare,Diagnostics & Research,Switzerland,27174182912.0,4,"2022,2023,2024,2025",0.45379272861801834,-0.01478745522834024,0.43520264444669954,0.21235022642658893,4.0,4.0,0.008991856613079108,2085284000.0,1243034000.0,1.6775759955077656,False,-0.09008521327969665,0.5936911604600186,0.00433146864544641,,NYQ,USD,1356.23,27174182912.0,259412893.0,93.5,84.2,29.0,65,100,90.4,77.9,86,2026-09-04
PAYX,"Paychex, Inc.",Technology,Software - Application,United States,44488810496.0,4,"2023,2024,2025,2026",0.29218429071311597,-0.13120607996148673,0.23715081049787726,0.32610891331236636,4.0,4.0,0.09154767502845429,3467900000.0,3023000000.0,1.1471716837578565,False,-0.006348330113165934,0.7239855327949166,0.011993167173334244,,NMS,USD,125.08,44488810496.0,389129634.0,90.1,92.7,61.9,65,80,63.6,77.7,87,2026-09-04
NICE,NICE Ltd.,Technology,Software - Application,Israel,6346661376.0,4,"2022,2023,2024,2025",0.10619850982511997,0.08549401797880765,0.1580008683027699,0.21562486393484687,4.0,4.0,0.1052910246718608,-328597000.0,903061000.0,0.0,True,-0.04727300082750319,0.6737716539719767,0.008745272544039433,,NMS,USD,108.31,6346661376.0,64723565.0,66.1,84.7,66.3,100,80,74.4,77.6,88,2026-09-04
UI,Ubiquiti Inc.,Technology,Communication Equipment,United States,36072493056.0,4,"2023,2024,2025,2026",0.6154752477268736,0.19404784814514703,0.6683433968919199,0.17756819559887999,3.0,4.0,0.19049600860426397,-531238000.0,1204386000.0,0.0,True,0.001968536500636775,0.417858918006017,0.03171101070954769,,NYQ,USD,595.96,36072493056.0,74274495.0,100.0,78.2,83.4,100,55,26.1,77.6,89,2026-09-04
PDD,PDD Holdings Inc.,Consumer Cyclical,Internet Retail,Ireland,116191854592.0,4,"2022,2023,2024,2025",0.2845521628401404,-0.0017929384378340685,0.2363584270065082,0.32416899925687076,4.0,4.0,0.489963045630756,-416929474000.0,122446654000.0,0.0,True,0.02920959902910658,0.6401635169840976,0.07276511784512182,,NMS,USD,81.63,116191854592.0,581985166.0,89.6,92.5,96.9,100,55,10.0,77.4,90,2026-09-04
MCK,McKesson Corporation,Healthcare,Medical Distribution,United States,107424022528.0,4,"2023,2024,2025,2026",1.0553588054618925,0.16654354369377788,1.2173302710151586,0.014083056581952861,4.0,4.0,0.13391523079521161,2551000000.0,7177000000.0,0.3554409920579629,False,-0.12728551336146277,0.039838336602772,0.0034561782925222866,,NYQ,USD,921.38,107424022528.0,951343278.0,100.0,22.3,73.6,85,100,93.2,77.2,91,2026-09-04
GWW,"W.W. Grainger, Inc.",Industrials,Industrial Distribution,United States,61836001280.0,4,"2022,2023,2024,2025",0.33804768578298283,-0.05362728605490963,0.3001714111503856,0.08315180326954873,4.0,4.0,0.056191483803869735,1903000000.0,2765000000.0,0.688245931283906,False,-0.0606653620352251,0.3906511648033324,0.004020771966781298,,NYQ,USD,1312.84,61836001280.0,390224623.0,91.7,51.9,49.6,85,100,91.5,77.2,92,2026-09-04
NVS,Novartis AG,Healthcare,Drug Manufacturers - General,Switzerland,309987573760.0,4,"2022,2023,2024,2025",0.14315702096639626,0.1090880655062293,0.1877734578443445,0.2656956270530006,4.0,4.0,0.09251661471463568,23843000000.0,22821000000.0,1.0447833136146532,False,-0.11015020482476101,0.7441245449014451,0.011243403844292829,,NYQ,USD,163.09,309987573760.0,314926464.0,80.6,89.9,62.1,65,100,66.4,77.1,93,2026-09-04
TER,"Teradyne, Inc.",Technology,Semiconductor Equipment & Materials,United States,52935413760.0,4,"2022,2023,2024,2025",0.21396387239876194,-0.09348583553073353,0.19368531640803377,0.14994164846232488,4.0,4.0,0.003681989032964239,-38759000.0,788087000.0,0.0,True,-0.05900408875063334,0.5832478356162226,0.006287725307358282,,NMS,USD,338.59,52935413760.0,1352036934.0,84.3,72.4,26.1,100,100,83.5,77.0,94,2026-09-04
EME,"EMCOR Group, Inc.",Industrials,Engineering & Construction,United States,32699551744.0,4,"2022,2023,2024,2025",0.2852878210804005,0.1616286407471745,0.3488631870621871,0.06682457756748807,4.0,4.0,0.15320031490276653,-643759000.0,1920064000.0,0.0,True,-0.09953863333489044,0.17348114453257868,0.01960819488442782,,NYQ,USD,741.32,32699551744.0,323661053.0,99.7,44.5,77.7,100,100,43.0,76.9,95,2026-09-04
DBX,"Dropbox, Inc.",Technology,Software - Infrastructure,United States,7762701824.0,4,"2022,2023,2024,2025",0.3363127557186822,0.28809024041516784,0.5526356095679013,0.33560016326674436,4.0,4.0,0.027360481370783507,1942700000.0,853600000.0,2.2758903467666354,False,-0.24910542251582712,0.8110841974849986,0.00877270509590455,,NMS,USD,35.7,7762701824.0,140656144.0,100.0,93.0,35.9,45,100,74.2,76.9,96,2026-09-04
RELX,RELX PLC,Industrials,Specialty Business Services,United Kingdom,63818039296.0,4,"2022,2023,2024,2025",0.20863919230402336,0.06792986953690364,0.2395435851510067,0.22800021162061085,4.0,4.0,0.038883172385113296,7039000000.0,3686000000.0,1.909658166033641,False,-0.048663432758798586,0.651502646368856,0.006966825855518203,,NYQ,USD,36.65,63818039296.0,92967380.0,93.5,86.3,41.4,65,80,81.4,76.8,97,2026-09-04
PGNY,"Progyny, Inc.",Healthcare,Healthcare Plans,United States,2041700224.0,4,"2022,2023,2024,2025",0.08829849471135233,0.05238411522408692,0.10129911596685554,0.14144590948171315,4.0,4.0,0.17870191307149574,-282370000.0,90225000.0,0.0,True,-0.10099655379409345,0.22133575121365157,0.008960282498765987,,NMS,USD,26.61,2041700224.0,32391235.0,57.6,70.0,81.9,100,100,73.8,76.8,98,2026-09-04
GIB,CGI Inc.,Technology,Information Technology Services,Canada,15497523200.0,4,"2022,2023,2024,2025",0.14103244041235835,-0.019717784802682964,0.12545190837243547,0.1260272264895989,4.0,4.0,0.07337881059932272,2773626000.0,2865333000.0,0.9679942959509418,False,-0.07155385111413348,0.16327629789622403,0.0011466250860850797,,NYQ,USD,74.84,15497523200.0,35024222.0,69.8,66.3,56.0,85,100,99.2,76.8,99,2026-09-04
MO,"Altria Group, Inc.",Consumer Defensive,Tobacco,United States,116030496768.0,4,"2022,2023,2024,2025",0.3944727683836613,0.05948080027584651,0.3520452077272932,0.42608771907717424,4.0,4.0,-0.008925128591255382,21235000000.0,10832000000.0,1.9603951255539143,False,-0.06707317073170727,0.702538694401562,0.012347780687051462,,NYQ,USD,69.49,116030496768.0,606053560.0,100.0,96.3,21.7,65,100,62.8,76.7,100,2026-09-04
NTAP,"NetApp, Inc.",Technology,Software - Infrastructure,United States,36412157952.0,4,"2023,2024,2025,2026",0.29748105985228634,0.10217985746522201,0.35445437832204274,0.21350369319596132,4.0,4.0,0.028668334111952687,417000000.0,1957000000.0,0.21308124680633622,False,-0.08636363636363631,0.6945453987176021,0.01915849820776799,,NMS,USD,185.38,36412157952.0,499021271.0,100.0,84.5,36.5,85,100,43.9,76.7,101,2026-09-04
TDC,Teradata Corporation,Technology,Software - Infrastructure,United States,2677470208.0,4,"2022,2023,2024,2025",0.17857585163591355,0.1220921712558039,0.2171847638483965,0.1869617138049446,4.0,4.0,-0.02513921933694352,64000000.0,294000000.0,0.21768707482993196,False,-0.08695652173913049,0.6021494925496,0.005438806237907313,,NYQ,USD,28.79,2677470208.0,87388043.0,89.4,79.8,17.2,85,100,86.6,76.6,102,2026-09-04
MELI,"MercadoLibre, Inc.",Consumer Cyclical,Internet Retail,Uruguay,100940374016.0,4,"2022,2023,2024,2025",0.14313971801561168,0.04693437319939585,0.13347707292391375,0.3124067870182116,4.0,4.0,0.38907157907432843,5393000000.0,3820000000.0,1.411780104712042,False,-0.012433880949837883,0.47264225286992,0.02166466887017769,,NMS,USD,1991.06,100940374016.0,875216217.0,80.5,92.3,95.7,65,80,38.9,76.5,103,2026-09-04
AWI,"Armstrong World Industries, Inc.",Industrials,Building Products & Equipment,United States,7220180480.0,4,"2022,2023,2024,2025",0.22110543883615125,0.06931699120527685,0.2555827042986079,0.12048823507519098,4.0,4.0,0.09541086295874956,294000000.0,553700000.0,0.5309734513274337,False,-0.06034482758620685,0.38915731752720367,0.016750187395371593,,NYQ,USD,170.84,7220180480.0,77462273.0,95.2,65.1,63.1,85,100,49.1,76.4,104,2026-09-04
CMG,"Chipotle Mexican Grill, Inc.",Consumer Cyclical,Restaurants,United States,47541751808.0,4,"2022,2023,2024,2025",0.43783417669783714,0.15423736355720802,0.5434433053913879,0.11914795232651045,4.0,4.0,0.11364082990765789,4031207000.0,2374190000.0,1.697929399079265,False,-0.04310740503171551,0.25531830755271323,0.010595430871427235,,NYQ,USD,37.57,47541751808.0,706309313.0,100.0,64.7,69.3,65,80,68.5,76.4,105,2026-09-04
TPL,Texas Pacific Land Corporation,Energy,Oil & Gas E&P,United States,25279219712.0,4,"2022,2023,2024,2025",0.41002442310707843,-0.24067095684305495,0.33044874758980525,0.3426376510974764,4.0,4.0,0.061455817167499704,-128634000.0,673552000.0,0.0,True,-0.0073882590687393,0.9069713882933571,0.0353567285062763,,NYQ,USD,366.5,25279219712.0,139525817.0,93.0,93.3,51.5,100,80,23.4,76.2,106,2026-09-04
LOGI,Logitech International S.A.,Technology,Computer Hardware,Switzerland,14563685376.0,4,"2023,2024,2025,2026",0.2545234030125002,0.13352813363698432,0.3053035506110625,0.18122678804989126,4.0,4.0,0.0217005429299717,-1653391000.0,862508000.0,0.0,True,-0.09465865220153447,0.41384762643227146,0.02148017935851654,,NMS,USD,101.71,14563685376.0,102351180.0,97.7,78.9,34.0,100,100,39.1,76.2,107,2026-09-04
CVSA,Covista Inc.,Consumer Defensive,Education & Training Services,United States,4344714752.0,4,"2023,2024,2025,2026",0.10960841721686537,0.06935958950822867,0.14121007949133135,0.1579824180193231,4.0,4.0,0.10435670857160284,256534000.0,467296000.0,0.548975381770869,False,-0.21677631578947365,0.5635497543272789,0.007940266301563801,,NYQ,USD,127.64,4344714752.0,45569905.0,68.1,74.3,65.8,85,100,77.7,76.2,108,2026-09-04
SNA,Snap-on Incorporated,Industrials,Tools & Accessories,United States,19873044480.0,4,"2022,2023,2024,2025",0.16509711177098002,-0.018210496622189654,0.15157434402332362,0.18660776517726457,4.0,4.0,0.02113673668415572,-332600000.0,1484900000.0,0.0,True,-0.022140221402214055,0.5137834719906818,0.0054654954730281105,,NYQ,USD,384.19,19873044480.0,131506316.0,76.8,79.8,33.5,100,80,86.4,76.1,109,2026-09-04
ROST,"Ross Stores, Inc.",Consumer Cyclical,Apparel Retail,United States,74315350016.0,4,"2023,2024,2025,2026",0.26388190668882094,0.04889262615727982,0.28221426560687674,0.07896134414543532,4.0,4.0,0.06761774010986832,617946000.0,3389490000.0,0.18231238327890037,False,-0.060268464929813303,0.2706177633049063,0.009695617686046109,,NMS,USD,231.67,74315350016.0,658728161.0,98.3,50.2,54.1,85,100,70.9,76.1,110,2026-09-04
DXCM,"DexCom, Inc.",Healthcare,Medical Devices,United States,33853034496.0,4,"2022,2023,2024,2025",0.1385545062939348,0.12604887793036565,0.21318457949785546,0.1583696520943531,4.0,4.0,0.1701360960301399,323200000.0,1358500000.0,0.23790945896209054,False,-0.05146198830409354,0.6211549328892518,0.019187430667877377,,NMS,USD,89.71,33853034496.0,438826692.0,78.8,74.5,80.4,85,100,43.8,76.0,111,2026-09-04
G,Genpact Limited,Technology,Information Technology Services,Bermuda,6398750208.0,4,"2022,2023,2024,2025",0.14075149712102186,0.026456478340559295,0.1486845549846983,0.10984118693937825,4.0,4.0,0.051360905759906705,688465000.0,898622000.0,0.7661341476171294,False,-0.06082600818641393,0.3543227467439418,0.0037982631152390966,,NYQ,USD,38.08,6398750208.0,93934678.0,79.6,61.5,47.2,85,100,92.2,75.9,112,2026-09-04
ACLS,"Axcelis Technologies, Inc.",Technology,Semiconductor Equipment & Materials,United States,3408389888.0,4,"2022,2023,2024,2025",0.2240050840361176,-0.16108744509924905,0.12075585907486104,0.14928466943146415,4.0,4.0,-0.03023469798240508,-331924000.0,161226000.0,0.0,True,-0.055870252221095984,0.441772086254406,0.00624315918401087,,NMS,USD,110.37,3408389888.0,56152062.0,85.6,72.3,15.9,100,100,83.8,75.8,113,2026-09-04
QCOM,QUALCOMM Incorporated,Technology,Semiconductors,United States,180042956800.0,4,"2022,2023,2024,2025",0.2941883376812943,-0.10997014108417058,0.2923155732015437,0.25138179662128224,4.0,4.0,0.0006330832838727929,9291000000.0,14929000000.0,0.6223457699778954,False,-0.028144239226033374,0.5629491114861486,0.009352555023061307,,NMS,USD,168.57,180042956800.0,2528891860.0,90.3,88.2,25.1,85,80,72.5,75.6,114,2026-09-04
TRI,Thomson Reuters Corporation,Industrials,Specialty Business Services,Canada,48417177600.0,4,"2022,2023,2024,2025",0.12191460652261599,0.002220699370958021,0.11876024944352696,0.2470927688763391,4.0,4.0,0.04100010673329524,1752000000.0,3047000000.0,0.5749917952084017,False,-0.038333024443254815,0.7606190108248967,0.006257749034187561,,NMS,USD,111.76,48417177600.0,229828517.0,73.1,87.8,42.3,85,80,83.7,75.5,115,2026-09-04
IPAR,"Interparfums, Inc.",Consumer Defensive,Household & Personal Products,United States,3651259136.0,4,"2022,2023,2024,2025",0.21281939651236959,0.0072957318902480695,0.2004407640994087,0.06237390821143922,3.0,4.0,0.11058940803263284,27337000.0,303882000.0,0.08995926050243186,False,0.004664009503266842,0.6376773409238562,0.0011326700409068913,,NMS,USD,114.01,3651259136.0,32605720.0,94.1,42.2,68.6,85,55,99.3,75.4,116,2026-09-04
EXPO,"Exponent, Inc.",Industrials,Engineering & Construction,United States,3330603264.0,4,"2022,2023,2024,2025",0.2503637313594367,-0.11900416115265713,0.22085874850963647,0.205661298615321,4.0,4.0,0.042772005008681724,-139096000.0,129870000.0,0.0,True,-0.019816373374139218,,,,NMS,USD,70.05,3330603264.0,37327333.0,87.3,82.8,43.4,100,80,50.0,75.4,117,2026-09-04
WAT,Waters Corporation,Healthcare,Diagnostics & Research,United States,40605741056.0,4,"2022,2023,2024,2025",0.23785741738821092,-0.18352803001044418,0.1767805135552388,0.16841010419281965,4.0,4.0,0.021229912681812513,819614000.0,1030663000.0,0.7952298666004309,False,-0.010359516666390456,0.5907159749927533,0.006263283192683361,,NYQ,USD,413.56,40605741056.0,351749322.0,86.5,76.6,33.7,85,80,83.6,75.3,118,2026-09-04
AOS,A. O. Smith Corporation,Industrials,Specialty Industrial Machinery,United States,8226546176.0,4,"2022,2023,2024,2025",0.22771426366996764,0.18851084950973246,0.2765277694982613,0.12682901853886697,4.0,4.0,0.006729784443180398,-1100000.0,813700000.0,0.0,True,-0.08899787519498781,0.3773190523180724,0.013579651621426199,,NYQ,USD,60.53,8226546176.0,102371968.0,95.9,66.5,28.1,100,100,58.2,75.2,119,2026-09-04
IDCC,"InterDigital, Inc.",Technology,Software - Application,United States,8668495872.0,4,"2022,2023,2024,2025",0.21902475827942602,0.19348779446160147,0.2799457820468236,0.4130978432646467,4.0,4.0,0.2213343967505661,-754952000.0,586925000.0,0.0,True,0.13085123831392487,0.8480970563233748,0.02952770841183076,,NMS,USD,335.91,8668495872.0,102724301.0,94.8,96.0,86.6,100,0,28.2,75.1,120,2026-09-04
SHOO,"Steven Madden, Ltd.",Consumer Cyclical,Footwear & Accessories,United States,3095391232.0,4,"2022,2023,2024,2025",0.18514825900847337,-0.21421322565313766,0.051614471438929846,0.08651159801216401,4.0,4.0,0.06094455910918262,121743000.0,123460000.0,0.9860926615907987,False,-0.0882296430081082,0.4141043814535889,0.0036960358904180044,,NMS,USD,42.3,3095391232.0,44566857.0,80.7,53.1,51.2,85,100,92.5,75.1,121,2026-09-04
LNTH,"Lantheus Holdings, Inc.",Healthcare,Drug Manufacturers - Specialty & Generic,United States,6591203840.0,4,"2022,2023,2024,2025",0.1555675096185899,0.1229163133921358,0.14956157166078135,0.2526655600404264,4.0,4.0,0.18134867310411273,210295000.0,403639000.0,0.5209977232130691,False,-0.03152636866607239,0.6061803547502551,0.03604119220418069,,NGM,USD,100.98,6591203840.0,134907664.0,83.5,88.5,82.2,85,80,22.7,75.1,122,2026-09-04
EEFT,"Euronet Worldwide, Inc.",Technology,Software - Infrastructure,United States,2740935424.0,4,"2022,2023,2024,2025",0.10448369183203449,0.02150564889871362,0.11176408677102423,0.14928407525465842,4.0,4.0,0.08111169530135487,330200000.0,671200000.0,0.49195470798569724,False,-0.14365940468928706,0.402685675069963,0.006208290901202425,,NMS,USD,73.28,2740935424.0,50383004.0,65.4,72.2,58.9,85,100,83.9,75.0,123,2026-09-04
EXPE,"Expedia Group, Inc.",Consumer Cyclical,Travel Services,United States,36383494144.0,4,"2022,2023,2024,2025",0.13994588629962143,0.14665097034871155,0.20765883143049027,0.19073371911331446,4.0,4.0,0.08087962506974211,748000000.0,2777000000.0,0.2693554195174649,False,-0.18428325018083347,0.882808671148302,0.016743930280698885,,NMS,USD,303.14,36383494144.0,477511888.0,79.2,80.5,58.8,85,100,49.2,74.9,124,2026-09-04
IHG,InterContinental Hotels Group PLC,Consumer Cyclical,Lodging,United Kingdom,23620392960.0,4,"2022,2023,2024,2025",0.669146815102626,0.025191448139897932,0.6142516273972602,0.15134352271297236,4.0,4.0,0.1006188494520397,3099000000.0,1415000000.0,2.1901060070671377,False,-0.143956043956044,0.2980080150473212,0.01346178662834701,,NYQ,USD,160.77,23620392960.0,40380762.0,100.0,72.7,64.8,45,100,58.8,74.8,125,2026-09-04
DLTR,"Dollar Tree, Inc.",Consumer Defensive,Discount Stores,United States,24587073536.0,4,"2023,2024,2025,2026",0.15430238041864686,0.07723653690903601,0.2084490382439466,0.0781908763710685,4.0,4.0,0.0799582484358976,1713900000.0,2363100000.0,0.7252761203503872,False,-0.07942882641677818,0.3639920978457052,0.00683491688864104,,NMS,USD,131.04,24587073536.0,371170276.0,83.2,49.7,58.5,85,100,82.1,74.6,126,2026-09-04
COR,"Cencora, Inc.",Healthcare,Medical Distribution,United States,64350736384.0,4,"2022,2023,2024,2025",0.30890272265296526,-0.12982629174355365,0.20277703309509038,0.010649425207294953,4.0,4.0,0.1043399050694318,3304635000.0,3746505000.0,0.8820580781288161,False,-0.07573505042374884,0.03459520511005072,0.0007512350413785169,,NYQ,USD,337.22,64350736384.0,489515296.0,91.0,21.0,65.8,85,100,99.9,74.6,127,2026-09-04
AME,"AMETEK, Inc.",Industrials,Specialty Industrial Machinery,United States,53692985344.0,4,"2022,2023,2024,2025",0.1210049305897975,-0.004685629137231584,0.11980279257548833,0.21942052320144678,4.0,4.0,0.06364055992660522,1825358000.0,2302397000.0,0.7928076695721893,False,-0.001196358233708783,0.3568582792126029,0.0049682458778825215,,NYQ,USD,234.2,53692985344.0,291486257.0,62.7,85.2,52.4,85,80,88.3,74.6,128,2026-09-04
CHWY,"Chewy, Inc.",Consumer Cyclical,Internet Retail,United States,9809803264.0,4,"2023,2024,2025,2026",0.3350853863329558,0.12847090321341803,0.45519863426390844,0.031336199347105034,4.0,4.0,0.0758743393343233,-360100000.0,397200000.0,0.0,True,-0.004605278537531898,0.2884911135435454,0.007024477417134635,,NYQ,USD,23.96,9809803264.0,208040487.0,100.0,28.5,57.3,100,80,81.1,74.5,129,2026-09-04
DLB,"Dolby Laboratories, Inc.",Industrials,Specialty Business Services,United States,5799971328.0,4,"2022,2023,2024,2025",0.08828616907158972,0.0076161366909332645,0.09020634060575232,0.25450851388146173,4.0,4.0,0.02472969042169315,-663718000.0,378563000.0,0.0,True,-0.04416422344900617,0.8852190403522464,0.003400513518333274,,NYQ,USD,61.92,5799971328.0,58682079.0,57.5,88.6,34.9,100,80,93.6,74.4,130,2026-09-04
NYT,The New York Times Company,Communication Services,Publishing,United States,10815676416.0,4,"2022,2023,2024,2025",0.14082965801472608,0.059682600754237966,0.1688804617307162,0.1327260660150498,4.0,4.0,0.06963732141273948,-605561000.0,547572000.0,0.0,True,-0.013150573467910376,0.4907724285748074,0.01170734277769866,,NYQ,USD,67.06,10815676416.0,129881003.0,79.7,68.0,54.8,100,80,64.7,74.4,131,2026-09-04
EXPD,"Expeditors International of Washington, Inc.",Industrials,Integrated Freight & Logistics,United States,24325146624.0,4,"2022,2023,2024,2025",0.3511988414892314,-0.10320417053080505,0.3315410898047361,0.09480924174535847,4.0,4.0,-0.13447253986862018,-743696000.0,1109315000.0,0.0,True,-0.1713708819111216,0.12939560673813522,0.0027371230798783307,,NYQ,USD,187.13,24325146624.0,221417830.0,92.1,56.4,4.3,100,100,95.8,74.3,132,2026-09-04
FICO,Fair Isaac Corporation,Technology,Software - Application,United States,24166244352.0,4,"2022,2023,2024,2025",0.4740652707705099,0.17299937191514597,0.5803683040093686,0.3493957204703392,4.0,4.0,0.1306838755794808,2921555000.0,951194000.0,3.071460711484723,False,-0.06778760390177252,0.7986697308254334,0.0150474737727824,,NYQ,USD,1118.93,24166244352.0,343166880.0,100.0,93.8,73.0,10,100,53.7,74.3,133,2026-09-04
TXRH,"Texas Roadhouse, Inc.",Consumer Cyclical,Restaurants,United States,12410074112.0,4,"2022,2023,2024,2025",0.28408164205260344,0.018712281933606856,0.2803403006530579,0.06117338780463183,4.0,4.0,0.13549731523373576,839314000.0,681729000.0,1.2311549017278127,False,-0.020744994110718507,0.1642817572301678,0.007105201940517843,,NMS,USD,189.06,12410074112.0,178266376.0,99.5,41.6,73.9,65,80,80.9,74.2,134,2026-09-04
DRI,"Darden Restaurants, Inc.",Consumer Cyclical,Restaurants,United States,24756643840.0,4,"2023,2024,2025,2026",0.3049623212925907,-0.036218424662303295,0.30278976130104046,0.0861042941035747,4.0,4.0,0.0799807207834049,2147800000.0,2146000000.0,1.000838769804287,False,-0.05370219690805533,0.21258867780083662,0.006862778127368132,,NYQ,USD,218.04,24756643840.0,286561468.0,90.8,53.0,58.6,65,100,81.8,74.1,135,2026-09-04
EBAY,eBay Inc.,Consumer Cyclical,Internet Retail,United States,47107698688.0,4,"2022,2023,2024,2025",0.1257070011893805,0.27195676806172253,0.19442282624768947,0.17462544566186614,4.0,4.0,0.042572293921697035,4879000000.0,2960000000.0,1.6483108108108109,False,-0.16129032258064513,0.7201648570980271,0.0042121434125095185,,NMS,USD,105.86,47107698688.0,413940865.0,74.6,77.7,43.3,65,100,90.8,74.1,136,2026-09-04
ODFL,"Old Dominion Freight Line, Inc.",Industrials,Trucking,United States,38630109184.0,4,"2022,2023,2024,2025",0.2909572889671378,-0.13194381218569182,0.2353284235628533,0.15281522829293645,4.0,4.0,-0.042440148127076416,-80096000.0,1726295000.0,0.0,True,-0.06437149578167278,0.3479494962293461,0.011126133679224673,,NMS,USD,185.75,38630109184.0,323911964.0,89.9,73.0,13.4,100,100,66.7,74.1,137,2026-09-04
EW,Edwards Lifesciences Corporation,Healthcare,Medical Devices,United States,51749191680.0,4,"2022,2023,2024,2025",0.1528615205395219,-0.11128051912173836,0.09811028507941733,0.1517562984793806,4.0,4.0,0.1077223514087009,-3520900000.0,1449900000.0,0.0,True,-0.061518743992310165,0.804315119695589,0.02125946494562724,,NYQ,USD,89.78,51749191680.0,387330223.0,73.1,72.8,67.2,100,100,39.5,73.8,138,2026-09-04
ALSN,"Allison Transmission Holdings, Inc.",Consumer Cyclical,Auto Parts,United States,10606323712.0,4,"2022,2023,2024,2025",0.18261761373681767,-0.04075396716356977,0.1450325835610679,0.20443124271559693,4.0,4.0,0.028208476739943755,1395000000.0,1020000000.0,1.3676470588235294,False,-0.11485446518859799,0.4782261104663165,0.007282783096792355,,NYQ,USD,128.44,10606323712.0,136376950.0,80.1,82.4,36.3,65,100,79.9,73.7,139,2026-09-04
PRDO,Perdoceo Education Corporation,Consumer Defensive,Education & Training Services,United States,2076932352.0,4,"2022,2023,2024,2025",0.1558160384578943,0.036770533475614375,0.1692418820417683,0.20755892063072315,4.0,4.0,0.06766488761665546,-503850000.0,264928000.0,0.0,True,-0.04164795526647447,0.8094178691243273,0.02538315383977628,,NMS,USD,33.19,2076932352.0,23475154.0,83.6,83.4,54.2,100,80,33.5,73.7,140,2026-09-04
USLM,"United States Lime & Minerals, Inc.",Basic Materials,Building Materials,United States,3322973184.0,4,"2022,2023,2024,2025",0.17678849923849105,0.059455052941084385,0.19646032563891178,0.2374846881129083,4.0,4.0,0.16430733808667597,-367111000.0,183078000.0,0.0,True,0.011725352112676113,0.4015110505947629,0.07485627572090275,,NMS,USD,115.83,3322973184.0,24911095.0,89.0,87.2,79.8,100,55,9.6,73.6,141,2026-09-04
SAP,SAP SE,Technology,Software - Application,Germany,250496958464.0,4,"2022,2023,2024,2025",0.090554271952758,0.08704157160940913,0.1523146214617492,0.17358609432812905,4.0,4.0,0.07625552156258508,-2296000000.0,12073000000.0,0.0,True,0.0,0.7269938395572493,0.0029053211145646236,,NYQ,USD,217.03,250496958464.0,618441309.0,58.5,77.4,57.5,100,55,95.0,73.5,142,2026-09-04
STRL,"Sterling Infrastructure, Inc.",Industrials,Engineering & Construction,United States,14071635968.0,4,"2022,2023,2024,2025",0.19649497783811032,0.10730126493926123,0.23194572746122727,0.16044268990760782,4.0,4.0,0.12061821692444696,-40807000.0,505377000.0,0.0,True,0.012531082319068076,0.1894033122115119,0.028646441381843572,,NMS,USD,460.03,14071635968.0,358280105.0,91.8,75.1,70.7,100,55,29.2,73.5,143,2026-09-04
HEI,HEICO Corporation,Industrials,Aerospace & Defense,United States,45518991360.0,4,"2022,2023,2024,2025",0.11855375320437808,-0.00484299318217038,0.1318564257536847,0.1707890882512239,4.0,4.0,0.2663918385310291,1950164000.0,1219507000.0,1.5991412923419053,False,0.019806283822453308,0.3917280451531989,0.003875396632190019,,NYQ,USD,325.7,45518991360.0,156139277.0,61.8,77.0,90.1,65,55,91.9,73.4,144,2026-09-04
NFLX,"Netflix, Inc.",Communication Services,Entertainment,United States,344232886272.0,4,"2022,2023,2024,2025",0.2076904156841472,0.1391463867013969,0.28359702567222556,0.16085903907407414,4.0,4.0,0.12639718371360664,5429155000.0,30254617000.0,0.17944880941642724,False,-0.037456402756542384,0.4386291931119151,0.03597784988050562,,NMS,USD,82.67,344232886272.0,3452289528.0,93.4,75.2,71.8,85,80,22.8,73.3,145,2026-09-04
CHE,Chemed Corporation,Healthcare,Medical Care Facilities,United States,6854541312.0,4,"2022,2023,2024,2025",0.2684769597677616,-0.010015309498259684,0.2723244092076312,0.12976232160629572,4.0,4.0,0.058218778372217006,69244000.0,422369000.0,0.16394195596741237,False,-0.04232068348897278,0.34697456045037,0.012742031551280073,,NYQ,USD,524.45,6854541312.0,95764570.0,88.5,67.5,50.5,85,80,61.3,73.2,146,2026-09-04
NVR,"NVR, Inc.",Consumer Cyclical,Residential Construction,United States,17070413824.0,4,"2022,2023,2024,2025",0.3302364331031017,-0.11184488841225199,0.28523061481193346,0.1409629725936541,4.0,4.0,-0.006252610482764043,-863593000.0,1815277000.0,0.0,True,-0.12536249643773156,0.25494089315001134,0.015243658551047846,,NYQ,USD,6373.95,17070413824.0,201455064.0,91.5,69.9,23.1,100,100,52.8,73.2,147,2026-09-04
NVMI,Nova Ltd.,Technology,Semiconductor Equipment & Materials,Israel,11218032640.0,4,"2022,2023,2024,2025",0.1353315200606057,-0.06330853518734364,0.10569368602214321,0.23729717758943306,4.0,4.0,0.15552443183739606,517218000.0,275834000.0,1.8751060420397776,False,0.02918104800753052,0.5677094374720562,0.007975038290589409,,NMS,USD,352.7,11218032640.0,191258276.0,68.0,87.2,78.5,65,55,77.6,73.1,148,2026-09-04
GGG,Graco Inc.,Industrials,Specialty Industrial Machinery,United States,12612963328.0,4,"2022,2023,2024,2025",0.21191608377390636,-0.042721528114253726,0.19569471814142095,0.20586581631305675,4.0,4.0,0.01427047813640736,-572487000.0,751526000.0,0.0,True,-0.021250137368198807,0.5194466585069226,0.01526935826417185,,NYQ,USD,77.88,12612963328.0,136985468.0,83.9,83.0,30.6,100,80,52.6,73.1,149,2026-09-04
SFM,"Sprouts Farmers Market, Inc.",Consumer Defensive,Grocery Stores,United States,7378684416.0,4,"2022,2023,2024,2025",0.27704587579039075,0.16093186470883064,0.37405032093816865,0.045134625632078075,4.0,4.0,0.11200487762890488,1686062000.0,994874000.0,1.6947492848340593,False,-0.0956120177021963,0.37614102678581113,0.00874490677354745,,NMS,USD,79.13,7378684416.0,159097354.0,99.2,34.5,69.0,65,100,74.4,73.0,150,2026-09-04
