ticker,close,date
A,167.53,2026-10-02
AA,41.97,2026-10-02
AAL,13.075,2026-10-02
AAOI,115.2,2026-10-02
AAON,84.47,2026-10-02
AAP,39.045,2026-10-02
AAPL,332.98,2026-10-02
ABBV,260.11,2026-10-02
ABCL,13.915,2026-10-02
ABEV,2.915,2026-10-02
ABG,177.635,2026-10-02
ABM,49.115,2026-10-02
ABNB,163.14,2026-10-02
ABT,96.4556,2026-10-02
AC.TO,25.38,2026-10-02
ACA,146.57,2026-10-02
ACAD,20.01,2026-10-02
ACHC,27.7,2026-10-02
ACI,11.6978,2026-10-02
ACIW,49.87,2026-10-02
ACLS,148.03,2026-10-02
ACM,59.155,2026-10-02
ACMR,83.96,2026-10-02
ACN,201.175,2026-10-02
AD,34.475,2026-10-02
ADBE,237.135,2026-10-02
ADC,65.64,2026-10-02
ADEA,26.265,2026-10-02
ADI,418.43,2026-10-02
ADM,79.83,2026-10-02
ADMA,10.015,2026-10-02
ADP,258.92,2026-10-02
ADPT,27.93,2026-10-02
ADSK,211.9175,2026-10-02
ADT,6.29,2026-10-02
ADUS,112.165,2026-10-02
AEE,100.19,2026-10-02
AEHR,107.674,2026-10-02
AEIS,307.725,2026-10-02
AEM,182.25,2026-10-02
AEO,17.685,2026-10-02
AEP,120.74,2026-10-02
AER,144.26,2026-10-02
AES,14.92,2026-10-02
AG,17.57,2026-10-02
AGCO,112.825,2026-10-02
AGI,32.065,2026-10-02
AGX,387.62,2026-10-02
AGYS,100.69,2026-10-02
AIR,102.795,2026-10-02
AIT,345.71,2026-10-02
AKAM,112.405,2026-10-02
AKR,18.615,2026-10-02
ALA.TO,53.02,2026-10-02
ALB,103.41,2026-10-02
ALC,63.6,2026-10-02
ALG,156.53,2026-10-02
ALGM,39.435,2026-10-02
ALGN,144.785,2026-10-02
ALGT,77.635,2026-10-02
ALHC,7.935,2026-10-02
ALK,39.62,2026-10-02
ALKS,41.585,2026-10-02
ALKT,13.98,2026-10-02
ALLE,155.45,2026-10-02
ALM,13.535,2026-10-02
ALNY,221.98,2026-10-02
ALRM,55.13,2026-10-02
ALS.TO,64.94,2026-10-02
ALSN,117.545,2026-10-02
ALV,112.15,2026-10-02
AM,20.565,2026-10-02
AMAT,541.525,2026-10-02
AMBA,69.69,2026-10-02
AMBP,4.455,2026-10-02
AMC,2.77,2026-10-02
AMCR,42.035,2026-10-02
AMD,634.745,2026-10-02
AME,253.13,2026-10-02
AMGN,402.37,2026-10-02
AMH,30.41,2026-10-02
AMKR,56.21,2026-10-02
AMLX,28.015,2026-10-02
AMR,172.825,2026-10-02
AMRX,20.03,2026-10-02
AMT,162.1891,2026-10-02
AMX,20.94,2026-10-02
AMZN,251.005,2026-10-02
AN,164.435,2026-10-02
ANDE,66.64,2026-10-02
ANET,206.33,2026-10-02
ANF,136.93,2026-10-02
AOS,56.86,2026-10-02
APA,43.28,2026-10-02
APD,277.755,2026-10-02
APG,40.725,2026-10-02
APH,87.685,2026-10-02
APLD,25.27,2026-10-02
APLE,16.465,2026-10-02
APP,271.99,2026-10-02
APPF,205.92,2026-10-02
APPN,36.94,2026-10-02
APTV,43.545,2026-10-02
AQN,5.07,2026-10-02
AR,34.1292,2026-10-02
ARCB,134.795,2026-10-02
ARE,47.755,2026-10-02
ARE.TO,58.84,2026-10-02
ARGX,914.34,2026-10-02
ARIS,17.585,2026-10-02
ARMK,55.62,2026-10-02
AROC,30.98,2026-10-02
ARQT,25.37,2026-10-02
ARW,245.14,2026-10-02
ARWR,64.49,2026-10-02
ARX.TO,33.91,2026-10-02
ASAN,8.58,2026-10-02
ASH,69.125,2026-10-02
ASML,1871.665,2026-10-02
ASND,225.39,2026-10-02
ASO,48.11,2026-10-02
ASX,47.9099,2026-10-02
ATAI,7.35,2026-10-02
ATD.TO,76.885,2026-10-02
ATH.TO,10.59,2026-10-02
ATI,190.595,2026-10-02
ATKR,94.78,2026-10-02
ATMU,45.81,2026-10-02
ATO,157.06,2026-10-02
ATR,120.635,2026-10-02
ATRC,54.205,2026-10-02
ATRL.TO,86.81,2026-10-02
ATRO,69.08,2026-10-02
ATZ.TO,121.64,2026-10-02
AU,94.455,2026-10-02
AUPH,15.76,2026-10-02
AVA,35.48,2026-10-02
AVAH,12.67,2026-10-02
AVAV,140.45,2026-10-02
AVGO,355.46,2026-10-02
AVNT,41.73,2026-10-02
AVPT,14.275,2026-10-02
AVT,107.44,2026-10-02
AVTR,15.155,2026-10-02
AVY,172.25,2026-10-02
AWI,164.42,2026-10-02
AWK,129.55,2026-10-02
AWR,82.24,2026-10-02
AXGN,38.225,2026-10-02
AXON,412.045,2026-10-02
AXSM,176.14,2026-10-02
AXTA,32.17,2026-10-02
AXTI,86.23,2026-10-02
AYA.TO,38.11,2026-10-02
AYI,310.96,2026-10-02
AZN,156.615,2026-10-02
AZZ,138.97,2026-10-02
B,40.055,2026-10-02
BA,192.79,2026-10-02
BAH,67.3,2026-10-02
BALL,56.79,2026-10-02
BATRK,51.8,2026-10-02
BAX,23.555,2026-10-02
BB,9.315,2026-10-02
BBIO,67.04,2026-10-02
BBUC,25.57,2026-10-02
BBWI,16.165,2026-10-02
BBY,88.425,2026-10-02
BC,66.23,2026-10-02
BCC,74.875,2026-10-02
BCE.TO,28.575,2026-10-02
BCO,102.045,2026-10-02
BCPC,165.96,2026-10-02
BCRX,8.015,2026-10-02
BDC,113.3301,2026-10-02
BDT.TO,84.44,2026-10-02
BDX,175.8,2026-10-02
BE,293.1974,2026-10-02
BEAM,24.335,2026-10-02
BELFB,259.3,2026-10-02
BEP,28.36,2026-10-02
BEPC,28.525,2026-10-02
BFAM,64.18,2026-10-02
BG,106.01,2026-10-02
BHC,5.655,2026-10-02
BHE,88.19,2026-10-02
BHP,85.0069,2026-10-02
BIIB,220.36,2026-10-02
BILL,43.55,2026-10-02
BIO,364.375,2026-10-02
BIP,36.36,2026-10-02
BIPC,36.4651,2026-10-02
BJ,93.755,2026-10-02
BKD,10.975,2026-10-02
BKE,42.81,2026-10-02
BKH,71.48,2026-10-02
BKNG,159.01,2026-10-02
BKR,56.095,2026-10-02
BLBD,56.185,2026-10-02
BLDR,57.15,2026-10-02
BLKB,42.08,2026-10-02
BMI,130.775,2026-10-02
BMRN,57.31,2026-10-02
BMY,60.36,2026-10-02
BNL,18.455,2026-10-02
BNTX,96.605,2026-10-02
BOOT,121.68,2026-10-02
BOX,34.69,2026-10-02
BP,44.63,2026-10-02
BR,157.97,2026-10-02
BRKR,63.72,2026-10-02
BROS,38.79,2026-10-02
BRSL,9.84,2026-10-02
BRX,27.335,2026-10-02
BRZE,25.72,2026-10-02
BSX,42.715,2026-10-02
BSY,32.64,2026-10-02
BTDR,11.065,2026-10-02
BTE,4.5909,2026-10-02
BTI,52.2826,2026-10-02
BTO.TO,7.36,2026-10-02
BTU,25.07,2026-10-02
BUD,73.065,2026-10-02
BULL,7.395,2026-10-02
BURL,273.215,2026-10-02
BVN,31.4701,2026-10-02
BWA,60.88,2026-10-02
BWXT,134.02,2026-10-02
BXP,60.915,2026-10-02
BYD,67.37,2026-10-02
CACI,618.81,2026-10-02
CAE.TO,34.06,2026-10-02
CAG,13.355,2026-10-02
CAH,226.165,2026-10-02
CAKE,108.64,2026-10-02
CALM,65.46,2026-10-02
CALX,35.49,2026-10-02
CALY,14.52,2026-10-02
CAMT,162.0,2026-10-02
CAR,110.905,2026-10-02
CARG,30.1,2026-10-02
CARR,55.34,2026-10-02
CASY,611.36,2026-10-02
CAT,847.25,2026-10-02
CAVA,55.11,2026-10-02
CBRE,131.65,2026-10-02
CBT,77.595,2026-10-02
CBZ,54.695,2026-10-02
CC,13.735,2026-10-02
CCC,6.475,2026-10-02
CCEP,101.17,2026-10-02
CCI,66.43,2026-10-02
CCJ,85.485,2026-10-02
CCK,106.4,2026-10-02
CCL,25.645,2026-10-02
CDE,17.735,2026-10-02
CDNA,66.86,2026-10-02
CDNS,347.84,2026-10-02
CDP,33.535,2026-10-02
CDW,134.79,2026-10-02
CE,44.33,2026-10-02
CECO,74.91,2026-10-02
CEG,255.47,2026-10-02
CELH,26.5999,2026-10-02
CENTA,33.88,2026-10-02
CENX,35.81,2026-10-02
CF,114.74,2026-10-02
CGAU,21.47,2026-10-02
CGNX,65.0,2026-10-02
CHD,94.14,2026-10-02
CHDN,76.19,2026-10-02
CHE,503.1,2026-10-02
CHEF,116.8409,2026-10-02
CHH,103.16,2026-10-02
CHKP,130.62,2026-10-02
CHRD,137.34,2026-10-02
CHRW,157.42,2026-10-02
CHTR,109.79,2026-10-02
CHWY,18.19,2026-10-02
CI,267.87,2026-10-02
CIEN,387.1,2026-10-02
CIFR,15.54,2026-10-02
CIG,2.095,2026-10-02
CIGI,91.34,2026-10-02
CL,84.18,2026-10-02
CLBT,11.12,2026-10-02
CLDX,32.26,2026-10-02
CLF,11.545,2026-10-02
CLH,318.56,2026-10-02
CLMT,55.235,2026-10-02
CLOV,4.404,2026-10-02
CLS,385.62,2026-10-02
CLX,80.09,2026-10-02
CMBT,19.54,2026-10-02
CMCSA,21.515,2026-10-02
CMG,32.265,2026-10-02
CMI,524.54,2026-10-02
CMPR,74.47,2026-10-02
CMS,64.0,2026-10-02
CNC,62.47,2026-10-02
CNH,13.23,2026-10-02
CNI,119.2675,2026-10-02
CNK,36.475,2026-10-02
CNM,41.22,2026-10-02
CNP,37.57,2026-10-02
CNQ.TO,68.55,2026-10-02
CNR,89.6,2026-10-02
CNX,31.66,2026-10-02
CNXC,24.96,2026-10-02
CNXN,92.67,2026-10-02
COCO,56.23,2026-10-02
COHR,336.525,2026-10-02
COHU,74.05,2026-10-02
COKE,191.57,2026-10-02
COLD,14.055,2026-10-02
COLM,57.175,2026-10-02
COMP,9.27,2026-10-02
COO,57.255,2026-10-02
COP,126.625,2026-10-02
COR,306.675,2026-10-02
CORT,116.29,2026-10-02
COST,912.97,2026-10-02
COTY,2.68,2026-10-02
CP,85.75,2026-10-02
CPA,132.61,2026-10-02
CPAY,394.575,2026-10-02
CPB,19.405,2026-10-02
CPK,127.29,2026-10-02
CPNG,13.705,2026-10-02
CPRT,27.28,2026-10-02
CPT,95.7,2026-10-02
CPX.TO,61.85,2026-10-02
CR,209.11,2026-10-02
CRC,52.1932,2026-10-02
CRDO,223.345,2026-10-02
CRGY,13.365,2026-10-02
CRH,82.29,2026-10-02
CRK,12.95,2026-10-02
CRL,287.735,2026-10-02
CRM,234.75,2026-10-02
CRNX,84.95,2026-10-02
CROX,119.58,2026-10-02
CRS,386.53,2026-10-02
CRSP,54.2,2026-10-02
CRUS,121.99,2026-10-02
CRWD,269.49,2026-10-02
CS.TO,14.34,2026-10-02
CSCO,111.17,2026-10-02
CSGP,27.28,2026-10-02
CSL,331.8,2026-10-02
CSTM,24.565,2026-10-02
CSU.TO,3020.0,2026-10-02
CSW,300.83,2026-10-02
CSX,47.375,2026-10-02
CTAS,192.685,2026-10-02
CTRE,36.18,2026-10-02
CTSH,59.2,2026-10-02
CTVA,12.13,2026-10-02
CU.TO,51.27,2026-10-02
CUBE,37.77,2026-10-02
CUZ,28.225,2026-10-02
CVCO,583.8325,2026-10-02
CVE,32.025,2026-10-02
CVI,55.04,2026-10-02
CVLT,151.65,2026-10-02
CVNA,64.79,2026-10-02
CVS,86.7,2026-10-02
CVSA,125.545,2026-10-02
CVX,206.4,2026-10-02
CW,545.59,2026-10-02
CWEN,29.54,2026-10-02
CWK,12.175,2026-10-02
CWST,81.07,2026-10-02
CWT,45.85,2026-10-02
CX,9.465,2026-10-02
CXT,48.94,2026-10-02
CXW,33.655,2026-10-02
CYTK,64.695,2026-10-02
CZR,29.645,2026-10-02
D,61.385,2026-10-02
DAL,84.12,2026-10-02
DAN,27.9,2026-10-02
DAR,62.475,2026-10-02
DASH,185.94,2026-10-02
DAVE,352.67,2026-10-02
DBD,64.435,2026-10-02
DBX,34.13,2026-10-02
DCO,174.2901,2026-10-02
DD,130.015,2026-10-02
DDOG,279.73,2026-10-02
DE,676.23,2026-10-02
DECK,78.95,2026-10-02
DELL,565.2,2026-10-02
DEO,84.68,2026-10-02
DG,118.15,2026-10-02
DGII,76.24,2026-10-02
DGX,231.125,2026-10-02
DHI,136.085,2026-10-02
DHR,214.42,2026-10-02
DHT,23.2399,2026-10-02
DINO,113.517,2026-10-02
DIOD,105.29,2026-10-02
DIS,102.21,2026-10-02
DJT,9.0,2026-10-02
DK,75.11,2026-10-02
DKNG,18.58,2026-10-02
DKS,135.905,2026-10-02
DLB,58.99,2026-10-02
DLO,13.645,2026-10-02
DLR,178.53,2026-10-02
DLTR,111.575,2026-10-02
DML.TO,3.68,2026-10-02
DNOW,15.765,2026-10-02
DNTH,90.15,2026-10-02
DOC,19.585,2026-10-02
DOCN,145.47,2026-10-02
DOCS,28.225,2026-10-02
DOCU,68.84,2026-10-02
DOO.TO,79.57,2026-10-02
DORM,125.31,2026-10-02
DOV,190.32,2026-10-02
DOW,27.885,2026-10-02
DOX,57.91,2026-10-02
DPM.TO,55.79,2026-10-02
DPZ,297.825,2026-10-02
DRH,12.555,2026-10-02
DRI,200.32,2026-10-02
DRS,36.66,2026-10-02
DRVN,11.715,2026-10-02
DSGX,80.765,2026-10-02
DT,59.38,2026-10-02
DTE,124.38,2026-10-02
DTM,121.0425,2026-10-02
DUK,114.06,2026-10-02
DUOL,144.98,2026-10-02
DV,13.485,2026-10-02
DVA,179.1125,2026-10-02
DVN,47.305,2026-10-02
DXCM,85.3701,2026-10-02
DXPE,193.03,2026-10-02
DY,274.24,2026-10-02
E,54.78,2026-10-02
EAT,200.265,2026-10-02
EBAY,106.055,2026-10-02
EC,16.3201,2026-10-02
ECHO,92.27,2026-10-02
ECL,273.87,2026-10-02
ECO,85.8813,2026-10-02
ED,103.255,2026-10-02
EDV.TO,80.0,2026-10-02
EEFT,63.3,2026-10-02
EFN.TO,22.4,2026-10-02
EFR.TO,15.36,2026-10-02
EFX,140.85,2026-10-02
EFX.TO,35.495,2026-10-02
EGO,37.755,2026-10-02
EGP,195.87,2026-10-02
EHC,120.21,2026-10-02
EIF.TO,117.74,2026-10-02
EIX,53.15,2026-10-02
EL,90.885,2026-10-02
ELAN,22.0205,2026-10-02
ELF,102.49,2026-10-02
ELS,58.02,2026-10-02
ELV,386.805,2026-10-02
EMA.TO,68.02,2026-10-02
EMBJ,73.9901,2026-10-02
EME,791.515,2026-10-02
EMN,64.95,2026-10-02
EMR,161.48,2026-10-02
ENB.TO,65.34,2026-10-02
ENLT,66.3,2026-10-02
ENPH,33.56,2026-10-02
ENS,196.21,2026-10-02
ENSG,172.22,2026-10-02
ENTG,169.1125,2026-10-02
EOG,140.87,2026-10-02
EPAM,109.46,2026-10-02
EPD,35.955,2026-10-02
EPR,56.27,2026-10-02
EPRT,25.88,2026-10-02
EQIX,1024.41,2026-10-02
EQNR,42.41,2026-10-02
EQT,50.045,2026-10-02
EQX.TO,15.645,2026-10-02
ERIC,9.3,2026-10-02
ERO,37.49,2026-10-02
ES,64.845,2026-10-02
ESAB,69.255,2026-10-02
ESE,273.88,2026-10-02
ESI,37.6,2026-10-02
ESLT,700.43,2026-10-02
ESS,268.56,2026-10-02
ESTA,63.11,2026-10-02
ESTC,93.435,2026-10-02
ET,20.315,2026-10-02
ETN,440.635,2026-10-02
ETR,100.68,2026-10-02
ETSY,72.525,2026-10-02
EVRG,79.415,2026-10-02
EW,85.34,2026-10-02
EXC,40.82,2026-10-02
EXE,85.73,2026-10-02
EXE.TO,29.35,2026-10-02
EXEL,58.4888,2026-10-02
EXK,8.525,2026-10-02
EXLS,35.84,2026-10-02
EXP,173.275,2026-10-02
EXPD,192.245,2026-10-02
EXPE,264.4775,2026-10-02
EXPO,68.61,2026-10-02
EXTR,23.15,2026-10-02
F,12.02,2026-10-02
FA,18.7,2026-10-02
FANG,184.71,2026-10-02
FAST,50.785,2026-10-02
FBIN,38.625,2026-10-02
FCN,138.81,2026-10-02
FCPT,21.625,2026-10-02
FCX,71.8101,2026-10-02
FDX,288.8462,2026-10-02
FE,43.655,2026-10-02
FELE,98.01,2026-10-02
FER,53.52,2026-10-02
FERG,224.21,2026-10-02
FFIV,456.71,2026-10-02
FICO,672.43,2026-10-02
FIGS,13.75,2026-10-02
FIS,32.215,2026-10-02
FISV,44.08,2026-10-02
FIVE,221.59,2026-10-02
FIVN,35.08,2026-10-02
FIX,1741.245,2026-10-02
FIZZ,29.83,2026-10-02
FLEX,117.28,2026-10-02
FLR,49.39,2026-10-02
FLS,74.625,2026-10-02
FLUT,74.485,2026-10-02
FLYW,17.67,2026-10-02
FM.TO,39.26,2026-10-02
FMS,22.215,2026-10-02
FMX,114.155,2026-10-02
FN,461.025,2026-10-02
FND,46.105,2026-10-02
FNV,238.105,2026-10-02
FORM,148.735,2026-10-02
FOUR,35.865,2026-10-02
FOXA,61.745,2026-10-02
FR,59.74,2026-10-02
FRO,51.485,2026-10-02
FROG,96.54,2026-10-02
FRPT,60.84,2026-10-02
FRSH,12.915,2026-10-02
FRT,106.89,2026-10-02
FSLR,176.28,2026-10-02
FSLY,26.52,2026-10-02
FSM,11.185,2026-10-02
FSS,117.04,2026-10-02
FSV,129.195,2026-10-02
FTAI,168.24,2026-10-02
FTDR,77.99,2026-10-02
FTI,69.095,2026-10-02
FTNT,181.409,2026-10-02
FTS.TO,75.2,2026-10-02
FTT.TO,111.66,2026-10-02
FTV,56.572,2026-10-02
FUL,50.615,2026-10-02
FWONK,90.19,2026-10-02
G,33.58,2026-10-02
GAP,22.43,2026-10-02
GATX,172.05,2026-10-02
GBTG,9.5,2026-10-02
GD,329.065,2026-10-02
GDDY,96.19,2026-10-02
GEF,82.75,2026-10-02
GEHC,64.395,2026-10-02
GEI.TO,31.38,2026-10-02
GEN,22.28,2026-10-02
GENI,5.745,2026-10-02
GEO,31.66,2026-10-02
GFF,94.615,2026-10-02
GFI,35.355,2026-10-02
GFL,41.89,2026-10-02
GFS,50.34,2026-10-02
GGB,4.885,2026-10-02
GGG,78.34,2026-10-02
GH,176.7426,2026-10-02
GHC,1150.79,2026-10-02
GIB,70.37,2026-10-02
GIL,40.93,2026-10-02
GILD,144.22,2026-10-02
GIS,31.97,2026-10-02
GKOS,165.2925,2026-10-02
GLBE,38.76,2026-10-02
GLNG,48.45,2026-10-02
GLPI,37.71,2026-10-02
GLW,164.5199,2026-10-02
GM,78.805,2026-10-02
GMAB,33.96,2026-10-02
GME,24.385,2026-10-02
GMED,75.73,2026-10-02
GNL,8.24,2026-10-02
GNRC,214.76,2026-10-02
GNTX,22.055,2026-10-02
GOLF,83.87,2026-10-02
GOOGL,343.69,2026-10-02
GPC,126.63,2026-10-02
GPGI,12.92,2026-10-02
GPI,250.28,2026-10-02
GPK,8.915,2026-10-02
GPN,78.385,2026-10-02
GPOR,154.8,2026-10-02
GRAB,3.115,2026-10-02
GRBK,67.09,2026-10-02
GRMN,284.01,2026-10-02
GRND,13.815,2026-10-02
GSAT,83.27,2026-10-02
GSK,46.95,2026-10-02
GTES,27.7,2026-10-02
GTLB,49.32,2026-10-02
GTX,27.07,2026-10-02
GTY,28.15,2026-10-02
GVA,117.97,2026-10-02
GWRE,152.5,2026-10-02
GWW,1285.92,2026-10-02
GXO,46.575,2026-10-02
H,160.015,2026-10-02
H.TO,50.95,2026-10-02
HAE,104.605,2026-10-02
HAL,32.015,2026-10-02
HALO,108.95,2026-10-02
HAS,89.7,2026-10-02
HAYW,12.535,2026-10-02
HBM,27.185,2026-10-02
HCA,428.57,2026-10-02
HCC,89.665,2026-10-02
HD,283.615,2026-10-02
HEI,307.5,2026-10-02
HESM,37.66,2026-10-02
HGV,35.07,2026-10-02
HHH,71.485,2026-10-02
HII,268.36,2026-10-02
HIMS,28.8699,2026-10-02
HIMX,15.1994,2026-10-02
HIW,29.715,2026-10-02
HL,17.115,2026-10-02
HLIO,71.84,2026-10-02
HLN,8.735,2026-10-02
HLT,319.75,2026-10-02
HMC,31.38,2026-10-02
HMY,17.25,2026-10-02
HNI,47.125,2026-10-02
HOG,24.87,2026-10-02
HON,214.3401,2026-10-02
HP,38.83,2026-10-02
HPE,69.575,2026-10-02
HPQ,32.2989,2026-10-02
HQY,89.59,2026-10-02
HR,17.615,2026-10-02
HRB,42.43,2026-10-02
HRI,135.9,2026-10-02
HRL,20.25,2026-10-02
HRMY,39.41,2026-10-02
HSIC,84.03,2026-10-02
HST,22.56,2026-10-02
HSY,159.3117,2026-10-02
HTO,60.27,2026-10-02
HUBB,475.0,2026-10-02
HUBG,30.16,2026-10-02
HUBS,212.89,2026-10-02
HUM,383.5,2026-10-02
HURN,164.6,2026-10-02
HWKN,131.07,2026-10-02
HXL,85.94,2026-10-02
IAG,18.445,2026-10-02
IBM,222.17,2026-10-02
IBP,193.465,2026-10-02
IBRX,10.305,2026-10-02
ICLR,161.25,2026-10-02
ICUI,160.055,2026-10-02
IDA,133.765,2026-10-02
IDCC,333.84,2026-10-02
IDXX,519.88,2026-10-02
IDYA,37.5,2026-10-02
IESC,339.895,2026-10-02
IEX,232.615,2026-10-02
IFF,83.19,2026-10-02
IHG,161.08,2026-10-02
IHS,8.33,2026-10-02
ILMN,268.14,2026-10-02
IMAX,52.88,2026-10-02
IMNM,21.01,2026-10-02
IMO.TO,178.44,2026-10-02
INCY,115.93,2026-10-02
INDV,35.445,2026-10-02
INFY,11.005,2026-10-02
INGR,95.805,2026-10-02
INSM,108.37,2026-10-02
INSW,114.445,2026-10-02
INTA,36.64,2026-10-02
INTC,122.425,2026-10-02
INTU,280.6,2026-10-02
INVH,26.205,2026-10-02
INVX,27.8,2026-10-02
IONQ,45.105,2026-10-02
IONS,43.4101,2026-10-02
IOSP,97.566,2026-10-02
IOT,41.01,2026-10-02
IOVA,14.145,2026-10-02
IP,32.38,2026-10-02
IPAR,112.995,2026-10-02
IPGP,85.51,2026-10-02
IQV,257.35,2026-10-02
IR,76.655,2026-10-02
IRDM,48.9388,2026-10-02
IRM,113.45,2026-10-02
IRT,14.455,2026-10-02
IRTC,110.54,2026-10-02
ISRG,395.02,2026-10-02
IT,187.56,2026-10-02
ITGR,126.46,2026-10-02
ITRI,86.32,2026-10-02
ITW,263.11,2026-10-02
IVT,30.3,2026-10-02
IWM,281.6,2026-10-02
J,137.76,2026-10-02
JAZZ,235.34,2026-10-02
JBHT,232.97,2026-10-02
JBL,307.795,2026-10-02
JBTM,108.355,2026-10-02
JCI,154.9,2026-10-02
JHX,25.43,2026-10-02
JKHY,142.715,2026-10-02
JLL,310.815,2026-10-02
JNJ,255.92,2026-10-02
JOBY,5.935,2026-10-02
JOE,65.56,2026-10-02
JOYY,78.915,2026-10-02
KAI,269.325,2026-10-02
KALU,151.85,2026-10-02
KBH,45.96,2026-10-02
KBR,34.045,2026-10-02
KD,11.585,2026-10-02
KDP,30.525,2026-10-02
KEEL,3.595,2026-10-02
KEP,11.04,2026-10-02
KEX,137.11,2026-10-02
KEYS,386.955,2026-10-02
KFY,72.885,2026-10-02
KGC,24.075,2026-10-02
KGS,55.55,2026-10-02
KHC,22.165,2026-10-02
KIM,22.225,2026-10-02
KLAC,207.69,2026-10-02
KLIC,101.4,2026-10-02
KMB,94.2,2026-10-02
KMI,30.825,2026-10-02
KMT,32.965,2026-10-02
KMX,54.725,2026-10-02
KN,40.1,2026-10-02
KNF,50.61,2026-10-02
KNSA,75.64,2026-10-02
KNT.TO,27.355,2026-10-02
KNTK,52.45,2026-10-02
KNX,66.7291,2026-10-02
KO,85.54,2026-10-02
KR,59.005,2026-10-02
KRC,33.765,2026-10-02
KRG,24.39,2026-10-02
KRYS,326.445,2026-10-02
KSS,18.89,2026-10-02
KT,18.675,2026-10-02
KTB,64.09,2026-10-02
KTOS,43.08,2026-10-02
KVUE,17.195,2026-10-02
KWR,161.35,2026-10-02
KXS.TO,176.47,2026-10-02
KYMR,109.025,2026-10-02
L.TO,61.75,2026-10-02
LAD,311.63,2026-10-02
LAMR,145.23,2026-10-02
LASR,40.42,2026-10-02
LAUR,38.71,2026-10-02
LBRT,19.08,2026-10-02
LBTYA,8.855,2026-10-02
LCII,83.17,2026-10-02
LDOS,118.3475,2026-10-02
LEA,120.895,2026-10-02
LECO,275.41,2026-10-02
LEGN,18.79,2026-10-02
LEN,79.73,2026-10-02
LEU,141.75,2026-10-02
LEVI,19.64,2026-10-02
LFST,11.79,2026-10-02
LFUS,458.21,2026-10-02
LGND,306.165,2026-10-02
LH,305.66,2026-10-02
LHX,236.61,2026-10-02
LII,358.485,2026-10-02
LIN,480.08,2026-10-02
LION,11.43,2026-10-02
LITE,1087.535,2026-10-02
LIVN,75.93,2026-10-02
LKQ,22.925,2026-10-02
LLY,1139.295,2026-10-02
LMT,503.78,2026-10-02
LNG,266.5,2026-10-02
LNR.TO,95.84,2026-10-02
LNT,64.64,2026-10-02
LNTH,99.86,2026-10-02
LOGI,104.33,2026-10-02
LOPE,155.31,2026-10-02
LOW,181.315,2026-10-02
LPG,56.07,2026-10-02
LPX,65.11,2026-10-02
LQDA,28.68,2026-10-02
LRCX,350.41,2026-10-02
LRN,78.35,2026-10-02
LSCC,135.91,2026-10-02
LSTR,174.67,2026-10-02
LTC,43.22,2026-10-02
LTH,41.09,2026-10-02
LUG.TO,87.3,2026-10-02
LULU,94.335,2026-10-02
LUMN,5.76,2026-10-02
LUN.TO,34.57,2026-10-02
LUNR,14.6998,2026-10-02
LUV,42.52,2026-10-02
LVS,36.47,2026-10-02
LW,42.655,2026-10-02
LXP,60.93,2026-10-02
LYB,58.18,2026-10-02
LYFT,15.255,2026-10-02
LYV,167.8933,2026-10-02
M,22.68,2026-10-02
MAA,114.77,2026-10-02
MAC,22.87,2026-10-02
MAN,56.06,2026-10-02
MANH,204.16,2026-10-02
MAR,357.705,2026-10-02
MAS,68.44,2026-10-02
MAT,14.695,2026-10-02
MATX,230.75,2026-10-02
MBLY,7.23,2026-10-02
MCD,232.24,2026-10-02
MCHP,82.61,2026-10-02
MCK,887.375,2026-10-02
MCRI,117.66,2026-10-02
MD,25.94,2026-10-02
MDB,356.95,2026-10-02
MDLZ,57.855,2026-10-02
MDT,86.8725,2026-10-02
MDU,18.655,2026-10-02
MEDP,605.18,2026-10-02
MELI,1687.3149,2026-10-02
MEOH,58.61,2026-10-02
META,729.76,2026-10-02
MGA,64.1,2026-10-02
MGEE,70.7,2026-10-02
MGM,30.34,2026-10-02
MGNI,25.0,2026-10-02
MGRC,116.73,2026-10-02
MGY,24.15,2026-10-02
MHK,128.17,2026-10-02
MHO,136.08,2026-10-02
MIDD,104.22,2026-10-02
MIR,14.77,2026-10-02
MIRM,81.68,2026-10-02
MKC,44.785,2026-10-02
MKSI,282.84,2026-10-02
MLI,62.865,2026-10-02
MLM,484.18,2026-10-02
MMM,162.39,2026-10-02
MMS,53.225,2026-10-02
MMSI,86.21,2026-10-02
MMYT,45.26,2026-10-02
MNDY,78.98,2026-10-02
MNST,42.32,2026-10-02
MO,67.075,2026-10-02
MOD,179.92,2026-10-02
MOH,186.8,2026-10-02
MOS,21.31,2026-10-02
MP,47.105,2026-10-02
MPC,420.83,2026-10-02
MPLX,56.3401,2026-10-02
MPT,3.355,2026-10-02
MPWR,1451.3199,2026-10-02
MRCY,84.72,2026-10-02
MRK,143.186,2026-10-02
MRNA,188.46,2026-10-02
MRU.TO,89.04,2026-10-02
MRVL,276.01,2026-10-02
MSA,182.28,2026-10-02
MSFT,514.82,2026-10-02
MSGE,78.965,2026-10-02
MSGS,402.615,2026-10-02
MSI,447.83,2026-10-02
MSTR,159.63,2026-10-02
MT,64.45,2026-10-02
MTCH,40.44,2026-10-02
MTD,1486.42,2026-10-02
MTDR,53.21,2026-10-02
MTH,64.355,2026-10-02
MTN,141.09,2026-10-02
MTRN,301.935,2026-10-02
MTSI,325.0233,2026-10-02
MTX,66.42,2026-10-02
MTZ,217.62,2026-10-02
MU,1083.175,2026-10-02
MUR,37.51,2026-10-02
MUSA,510.16,2026-10-02
MWA,21.81,2026-10-02
MXL,104.04,2026-10-02
MYRG,304.28,2026-10-02
MZTI,99.65,2026-10-02
NAMS,23.085,2026-10-02
NBIX,142.63,2026-10-02
NCLH,15.055,2026-10-02
NCNO,19.01,2026-10-02
NDSN,332.355,2026-10-02
NE,40.935,2026-10-02
NEE,77.115,2026-10-02
NEM,114.48,2026-10-02
NEO,18.47,2026-10-02
NEOG,12.425,2026-10-02
NET,352.08,2026-10-02
NEU,927.64,2026-10-02
NFG,76.555,2026-10-02
NFLX,67.145,2026-10-02
NGG,75.86,2026-10-02
NGVT,73.335,2026-10-02
NHI,65.8,2026-10-02
NI,39.535,2026-10-02
NICE,115.2525,2026-10-02
NJR,51.67,2026-10-02
NKE,33.175,2026-10-02
NKTR,44.64,2026-10-02
NMM,91.68,2026-10-02
NMRK,12.86,2026-10-02
NN,14.28,2026-10-02
NNN,40.45,2026-10-02
NOC,478.605,2026-10-02
NOG,23.52,2026-10-02
NOK,10.535,2026-10-02
NOV,19.05,2026-10-02
NOVT,150.72,2026-10-02
NOW,135.55,2026-10-02
NPO,334.28,2026-10-02
NRG,95.3,2026-10-02
NRIX,23.22,2026-10-02
NSC,316.51,2026-10-02
NSIT,162.64,2026-10-02
NTAP,230.0,2026-10-02
NTCT,41.45,2026-10-02
NTNX,72.39,2026-10-02
NTR,69.98,2026-10-02
NTRA,404.71,2026-10-02
NTST,17.42,2026-10-02
NUE,240.29,2026-10-02
NVCR,15.55,2026-10-02
NVDA,236.53,2026-10-02
NVMI,396.55,2026-10-02
NVO,37.215,2026-10-02
NVR,6027.0498,2026-10-02
NVS,140.02,2026-10-02
NVST,23.55,2026-10-02
NVT,169.525,2026-10-02
NVTS,12.585,2026-10-02
NWE,69.78,2026-10-02
NWL,5.375,2026-10-02
NWN,47.1,2026-10-02
NWSA,28.675,2026-10-02
NXPI,245.2375,2026-10-02
NXST,155.88,2026-10-02
NXT,83.52,2026-10-02
NYT,61.5,2026-10-02
O,53.9399,2026-10-02
OC,118.2,2026-10-02
OCUL,7.045,2026-10-02
ODFL,181.5075,2026-10-02
OGC.TO,38.19,2026-10-02
OGE,45.5,2026-10-02
OGN,13.715,2026-10-02
OGS,72.455,2026-10-02
OHI,45.69,2026-10-02
OII,44.84,2026-10-02
OKE,86.855,2026-10-02
OKTA,214.225,2026-10-02
OLED,78.88,2026-10-02
OLLI,87.51,2026-10-02
OMC,73.8361,2026-10-02
ON,84.1,2026-10-02
ONC,351.7,2026-10-02
ONDS,7.205,2026-10-02
ONON,30.185,2026-10-02
ONTO,331.01,2026-10-02
OPCH,22.65,2026-10-02
OPEN,2.455,2026-10-02
OPLN,35.69,2026-10-02
OR,34.13,2026-10-02
ORA,92.83,2026-10-02
ORCL,141.63,2026-10-02
ORLY,84.7901,2026-10-02
OSCR,30.875,2026-10-02
OSIS,196.3125,2026-10-02
OSK,134.33,2026-10-02
OSW,23.34,2026-10-02
OTEX,22.175,2026-10-02
OTIS,64.0,2026-10-02
OTTR,89.26,2026-10-02
OUST,42.47,2026-10-02
OUT,28.67,2026-10-02
OVV,59.99,2026-10-02
OXY,57.33,2026-10-02
P,139.23,2026-10-02
PAA,23.605,2026-10-02
PAAS,45.15,2026-10-02
PAC,200.015,2026-10-02
PAG,204.04,2026-10-02
PAGP,25.835,2026-10-02
PAGS,8.8,2026-10-02
PAM,76.065,2026-10-02
PANW,403.19,2026-10-02
PARR,84.5239,2026-10-02
PATH,13.08,2026-10-02
PATK,67.45,2026-10-02
PAY,30.97,2026-10-02
PAYC,223.37,2026-10-02
PAYO,7.145,2026-10-02
PAYX,99.46,2026-10-02
PBF,80.245,2026-10-02
PBH,45.12,2026-10-02
PBI,16.73,2026-10-02
PBR,21.12,2026-10-02
PCAR,108.685,2026-10-02
PCG,12.27,2026-10-02
PCOR,51.08,2026-10-02
PCTY,146.35,2026-10-02
PDD,75.2,2026-10-02
PEB,18.99,2026-10-02
PECO,37.5,2026-10-02
PEG,68.47,2026-10-02
PEGA,33.87,2026-10-02
PEN,317.81,2026-10-02
PENG,60.96,2026-10-02
PENN,14.715,2026-10-02
PEP,125.355,2026-10-02
PEY.TO,23.245,2026-10-02
PFE,27.465,2026-10-02
PFGC,93.745,2026-10-02
PG,144.2542,2026-10-02
PGEN,8.3101,2026-10-02
PGNY,25.35,2026-10-02
PH,974.48,2026-10-02
PHG,23.86,2026-10-02
PHIN,60.64,2026-10-02
PHM,115.78,2026-10-02
PI,188.86,2026-10-02
PII,53.895,2026-10-02
PINS,19.235,2026-10-02
PK,15.525,2026-10-02
PKG,230.165,2026-10-02
PKX,57.55,2026-10-02
PL,17.4151,2026-10-02
PLD,128.645,2026-10-02
PLNT,42.195,2026-10-02
PLTR,190.48,2026-10-02
PLUG,1.9014,2026-10-02
PLUS,93.905,2026-10-02
PLXS,275.62,2026-10-02
PM,187.2601,2026-10-02
PNR,53.29,2026-10-02
PNW,95.49,2026-10-02
PODD,130.45,2026-10-02
POOL,161.825,2026-10-02
POR,44.81,2026-10-02
POST,72.53,2026-10-02
POWI,55.21,2026-10-02
POWL,196.47,2026-10-02
PPC,26.73,2026-10-02
PPG,105.3,2026-10-02
PPL,32.885,2026-10-02
PPL.TO,65.12,2026-10-02
PPLI,41.245,2026-10-02
PR,21.985,2026-10-02
PRDO,32.49,2026-10-02
PRIM,78.04,2026-10-02
PRM,27.57,2026-10-02
PRMB,19.555,2026-10-02
PRVA,20.09,2026-10-02
PSA,284.265,2026-10-02
PSK.TO,32.94,2026-10-02
PSKY,9.395,2026-10-02
PSMT,169.33,2026-10-02
PSN,40.75,2026-10-02
PSO,16.115,2026-10-02
PSX,264.365,2026-10-02
PTC,144.425,2026-10-02
PTCT,63.28,2026-10-02
PTEN,11.13,2026-10-02
PTGX,140.32,2026-10-02
PTON,4.945,2026-10-02
PWR,674.37,2026-10-02
PXT.TO,26.84,2026-10-02
QBTS,16.4857,2026-10-02
QCOM,186.375,2026-10-02
QGEN,45.155,2026-10-02
QLYS,194.3725,2026-10-02
QQQ,750.545,2026-10-02
QRVO,114.26,2026-10-02
QSR,69.62,2026-10-02
QTWO,56.69,2026-10-02
QURE,23.2495,2026-10-02
QXO,12.113,2026-10-02
R,236.135,2026-10-02
RACE,387.75,2026-10-02
RAMP,37.71,2026-10-02
RBA,81.64,2026-10-02
RBC,516.21,2026-10-02
RBLX,42.935,2026-10-02
RCI,31.49,2026-10-02
RCL,277.19,2026-10-02
RCUS,24.4,2026-10-02
RDNT,70.21,2026-10-02
RDW,10.865,2026-10-02
RDY,12.155,2026-10-02
REG,71.5,2026-10-02
REGN,729.88,2026-10-02
RELX,33.455,2026-10-02
RELY,22.105,2026-10-02
REXR,36.605,2026-10-02
REYN,22.03,2026-10-02
REZI,18.7,2026-10-02
RGEN,183.28,2026-10-02
RGLD,234.33,2026-10-02
RGTI,15.72,2026-10-02
RH,121.48,2026-10-02
RHI,36.53,2026-10-02
RHP,121.685,2026-10-02
RIG,5.15,2026-10-02
RIO,93.4899,2026-10-02
RIVN,14.1843,2026-10-02
RKLB,73.835,2026-10-02
RL,360.79,2026-10-02
RLAY,18.87,2026-10-02
RMBS,112.53,2026-10-02
RMD,220.0,2026-10-02
RNG,78.17,2026-10-02
RNW,6.845,2026-10-02
ROAD,91.7,2026-10-02
ROG,161.24,2026-10-02
ROIV,35.52,2026-10-02
ROK,449.49,2026-10-02
ROKU,152.12,2026-10-02
ROL,30.365,2026-10-02
ROP,357.46,2026-10-02
ROST,229.54,2026-10-02
RPM,99.64,2026-10-02
RPRX,57.43,2026-10-02
RRC,37.78,2026-10-02
RRR,49.84,2026-10-02
RRX,162.45,2026-10-02
RS,399.5668,2026-10-02
RSG,208.16,2026-10-02
RSI,20.075,2026-10-02
RTO,19.92,2026-10-02
RTX,185.085,2026-10-02
RUM,7.575,2026-10-02
RUN,7.765,2026-10-02
RUS.TO,94.74,2026-10-02
RUSHA,47.11,2026-10-02
RVTY,151.17,2026-10-02
RXO,23.485,2026-10-02
RYAAY,54.86,2026-10-02
RYN,18.25,2026-10-02
RYTM,93.32,2026-10-02
S,25.365,2026-10-02
SAH,63.52,2026-10-02
SAIA,356.02,2026-10-02
SAIC,125.665,2026-10-02
SANM,227.935,2026-10-02
SAP,206.69,2026-10-02
SAP.TO,38.28,2026-10-02
SBAC,159.325,2026-10-02
SBLK,30.43,2026-10-02
SBRA,19.145,2026-10-02
SBS,5.245,2026-10-02
SBSW,9.925,2026-10-02
SBUX,94.8,2026-10-02
SCCO,203.81,2026-10-02
SCI,76.805,2026-10-02
SCR.TO,39.165,2026-10-02
SDRL,44.44,2026-10-02
SE,94.975,2026-10-02
SEDG,32.755,2026-10-02
SEI,75.06,2026-10-02
SES.TO,24.62,2026-10-02
SFM,65.1643,2026-10-02
SGHC,11.215,2026-10-02
SGI,63.08,2026-10-02
SHAK,60.44,2026-10-02
SHC,18.28,2026-10-02
SHEL,95.735,2026-10-02
SHO,11.375,2026-10-02
SHOO,45.9,2026-10-02
SHOP,152.1251,2026-10-02
SHW,320.875,2026-10-02
SIRI,25.805,2026-10-02
SITE,89.94,2026-10-02
SITM,724.04,2026-10-02
SJM,116.075,2026-10-02
SKM,36.515,2026-10-02
SKT,35.07,2026-10-02
SKY,88.03,2026-10-02
SKYW,96.89,2026-10-02
SLAB,222.305,2026-10-02
SLB,49.095,2026-10-02
SLG,49.095,2026-10-02
SLGN,35.07,2026-10-02
SM,34.98,2026-10-02
SMCI,43.545,2026-10-02
SMG,49.5201,2026-10-02
SMR,7.87,2026-10-02
SMTC,198.99,2026-10-02
SN,182.42,2026-10-02
SNA,368.75,2026-10-02
SNAP,5.685,2026-10-02
SNDR,33.04,2026-10-02
SNN,26.32,2026-10-02
SNOW,340.965,2026-10-02
SNPS,488.68,2026-10-02
SNY,39.7,2026-10-02
SO,83.81,2026-10-02
SON,48.51,2026-10-02
SONY,23.74,2026-10-02
SOUN,5.84,2026-10-02
SPB,78.66,2026-10-02
SPG,201.46,2026-10-02
SPHR,128.87,2026-10-02
SPOT,474.51,2026-10-02
SPSC,81.52,2026-10-02
SPXC,173.93,2026-10-02
SPY,769.58,2026-10-02
SQM,63.865,2026-10-02
SR,77.27,2026-10-02
SRAD,11.52,2026-10-02
SRE,78.5,2026-10-02
SRPT,17.3,2026-10-02
SSD,174.595,2026-10-02
SSL,13.8775,2026-10-02
SSNC,78.085,2026-10-02
SSRM,33.33,2026-10-02
ST,43.63,2026-10-02
STAG,36.18,2026-10-02
STE,207.18,2026-10-02
STGW,8.285,2026-10-02
STLA,4.375,2026-10-02
STLD,231.12,2026-10-02
STM,56.71,2026-10-02
STN.TO,95.75,2026-10-02
STNE,9.27,2026-10-02
STNG,85.635,2026-10-02
STRL,532.54,2026-10-02
STX,825.94,2026-10-02
STZ,112.14,2026-10-02
SU.TO,98.685,2026-10-02
SUI,110.29,2026-10-02
SUN,74.66,2026-10-02
SUPN,42.02,2026-10-02
SUZ,8.405,2026-10-02
SVM.TO,15.01,2026-10-02
SW,43.355,2026-10-02
SWK,91.28,2026-10-02
SWKS,85.285,2026-10-02
SWX,82.365,2026-10-02
SXI,294.755,2026-10-02
SXT,130.43,2026-10-02
SYK,275.185,2026-10-02
SYM,44.09,2026-10-02
SYNA,121.14,2026-10-02
SYY,77.73,2026-10-02
T,24.28,2026-10-02
T.TO,11.63,2026-10-02
TA.TO,17.66,2026-10-02
TAK,17.79,2026-10-02
TALO,16.7,2026-10-02
TAP,36.67,2026-10-02
TARS,73.85,2026-10-02
TCOM,38.095,2026-10-02
TDC,30.285,2026-10-02
TDG,1092.61,2026-10-02
TDS,35.47,2026-10-02
TDW,82.26,2026-10-02
TDY,618.51,2026-10-02
TEAM,186.9,2026-10-02
TECH,72.4,2026-10-02
TECK,67.68,2026-10-02
TEL,221.34,2026-10-02
TENB,37.09,2026-10-02
TER,448.405,2026-10-02
TEVA,39.3,2026-10-02
TEX,56.65,2026-10-02
TFII,119.66,2026-10-02
TFPM,30.34,2026-10-02
TFX,125.165,2026-10-02
TGT,155.68,2026-10-02
TGTX,53.88,2026-10-02
THC,260.075,2026-10-02
THO,69.93,2026-10-02
TIGO,86.93,2026-10-02
TIH.TO,234.09,2026-10-02
TILE,34.92,2026-10-02
TJX,133.24,2026-10-02
TKC,5.01,2026-10-02
TKO,174.515,2026-10-02
TKO.TO,12.44,2026-10-02
TKR,122.155,2026-10-02
TLK,12.6193,2026-10-02
TLN,321.025,2026-10-02
TM,181.175,2026-10-02
TMDX,77.72,2026-10-02
TMO,651.95,2026-10-02
TMUS,163.525,2026-10-02
TNET,63.44,2026-10-02
TNGX,23.86,2026-10-02
TNK,101.705,2026-10-02
TNL,62.955,2026-10-02
TOL,137.06,2026-10-02
TOST,29.785,2026-10-02
TOU.TO,61.44,2026-10-02
TPC,86.04,2026-10-02
TPL,337.635,2026-10-02
TPR,117.34,2026-10-02
TPZ.TO,28.33,2026-10-02
TREX,43.73,2026-10-02
TRGP,277.295,2026-10-02
TRI,99.465,2026-10-02
TRLV,10.6284,2026-10-02
TRMB,57.92,2026-10-02
TRMD,39.38,2026-10-02
TRN,26.53,2026-10-02
TRNO,64.61,2026-10-02
TRP.TO,83.53,2026-10-02
TS,55.73,2026-10-02
TSCO,31.495,2026-10-02
TSEM,243.04,2026-10-02
TSLA,371.64,2026-10-02
TSM,473.44,2026-10-02
TSN,51.33,2026-10-02
TT,460.95,2026-10-02
TTD,11.85,2026-10-02
TTE,84.522,2026-10-02
TTEK,33.28,2026-10-02
TTMI,134.06,2026-10-02
TTWO,202.165,2026-10-02
TVE.TO,13.17,2026-10-02
TVTX,56.44,2026-10-02
TWLO,294.7617,2026-10-02
TWST,187.035,2026-10-02
TXG,92.09,2026-10-02
TXG.TO,69.23,2026-10-02
TXN,296.2,2026-10-02
TXNM,58.51,2026-10-02
TXRH,156.94,2026-10-02
TXT,77.21,2026-10-02
TYL,324.73,2026-10-02
U,44.1048,2026-10-02
UAA,4.63,2026-10-02
UAL,112.615,2026-10-02
UBER,67.745,2026-10-02
UCTT,76.535,2026-10-02
UDR,33.365,2026-10-02
UE,19.73,2026-10-02
UFPI,77.6,2026-10-02
UFPT,301.48,2026-10-02
UGI,37.18,2026-10-02
UGP,7.235,2026-10-02
UHAL,62.11,2026-10-02
UHS,175.32,2026-10-02
UI,605.38,2026-10-02
UL,59.5,2026-10-02
ULTA,540.17,2026-10-02
UMC,26.29,2026-10-02
UNF,252.2,2026-10-02
UNFI,45.62,2026-10-02
UNH,368.14,2026-10-02
UNIT,8.235,2026-10-02
UNP,277.39,2026-10-02
UPS,93.79,2026-10-02
URBN,80.483,2026-10-02
URGN,41.12,2026-10-02
URI,1071.67,2026-10-02
USFD,97.14,2026-10-02
USLM,112.225,2026-10-02
UTHR,547.305,2026-10-02
UTZ,14.27,2026-10-02
VAC,104.66,2026-10-02
VAL,78.12,2026-10-02
VALE,13.4074,2026-10-02
VC,87.96,2026-10-02
VCEL,40.07,2026-10-02
VCYT,45.455,2026-10-02
VECO,58.83,2026-10-02
VEEV,274.6675,2026-10-02
VERX,12.06,2026-10-02
VFC,14.025,2026-10-02
VFV.TO,195.19,2026-10-02
VIAV,48.18,2026-10-02
VICI,22.725,2026-10-02
VICR,310.41,2026-10-02
VIST,64.175,2026-10-02
VIV,11.23,2026-10-02
VLO,405.13,2026-10-02
VMC,245.015,2026-10-02
VMI,479.14,2026-10-02
VMRK,59.695,2026-10-02
VNO,33.865,2026-10-02
VNOM,40.7,2026-10-02
VNT,31.975,2026-10-02
VOD,16.74,2026-10-02
VRDN,19.2809,2026-10-02
VRNS,48.085,2026-10-02
VRSK,164.74,2026-10-02
VRSN,286.12,2026-10-02
VRT,253.1695,2026-10-02
VRTX,501.79,2026-10-02
VSAT,72.22,2026-10-02
VSEC,166.615,2026-10-02
VSH,38.12,2026-10-02
VST,137.925,2026-10-02
VSXY,90.295,2026-10-02
VTR,84.2375,2026-10-02
VTRS,17.365,2026-10-02
VVV,30.955,2026-10-02
VVX,69.745,2026-10-02
VZ,45.942,2026-10-02
W,100.5,2026-10-02
WAB,288.6,2026-10-02
WAT,425.135,2026-10-02
WBD,30.9434,2026-10-02
WCC,383.57,2026-10-02
WCN,152.1,2026-10-02
WCP.TO,17.92,2026-10-02
WDAY,187.47,2026-10-02
WDC,404.8,2026-10-02
WDFC,203.1008,2026-10-02
WDO.TO,35.04,2026-10-02
WEC,101.8122,2026-10-02
WELL,227.635,2026-10-02
WERN,35.425,2026-10-02
WES,44.75,2026-10-02
WEX,168.7,2026-10-02
WFG,66.02,2026-10-02
WFRD,80.7,2026-10-02
WGS,71.32,2026-10-02
WH,71.38,2026-10-02
WHD,64.185,2026-10-02
WHR,30.81,2026-10-02
WING,106.74,2026-10-02
WIT,1.725,2026-10-02
WIX,71.87,2026-10-02
WK,70.335,2026-10-02
WLK,63.58,2026-10-02
WLY,47.78,2026-10-02
WM,202.38,2026-10-02
WMB,69.9441,2026-10-02
WMG,27.6,2026-10-02
WMS,127.57,2026-10-02
WMT,103.97,2026-10-02
WN.TO,100.51,2026-10-02
WOR,60.6,2026-10-02
WPC,64.21,2026-10-02
WPM,134.83,2026-10-02
WPP,24.575,2026-10-02
WRBY,27.69,2026-10-02
WSC,17.3202,2026-10-02
WSM,233.28,2026-10-02
WSO,299.02,2026-10-02
WSP.TO,172.81,2026-10-02
WST,365.745,2026-10-02
WTRG,39.265,2026-10-02
WTS,365.83,2026-10-02
WTTR,20.31,2026-10-02
WWD,330.11,2026-10-02
WY,18.59,2026-10-02
WYNN,76.324,2026-10-02
XEL,71.48,2026-10-02
XMTR,102.75,2026-10-02
XOM,163.425,2026-10-02
XPO,187.96,2026-10-02
XPRO,16.635,2026-10-02
XRAY,8.625,2026-10-02
XYL,102.235,2026-10-02
XYZ,74.685,2026-10-02
YETI,40.725,2026-10-02
YOU,40.93,2026-10-02
YPF,49.46,2026-10-02
YUM,137.71,2026-10-02
Z,27.74,2026-10-02
ZBH,87.71,2026-10-02
ZBRA,378.2625,2026-10-02
ZETA,32.1451,2026-10-02
ZGN,12.54,2026-10-02
ZIM,29.965,2026-10-02
ZM,92.8,2026-10-02
ZS,198.33,2026-10-02
ZTS,69.48,2026-10-02
ZWS,48.19,2026-10-02
ZYME,25.45,2026-10-02
