APGE,failed: empty statements, probably rate limited
PCVX,failed: empty statements, probably rate limited
IMVT,failed: empty statements, probably rate limited
OKLO,failed: empty statements, probably rate limited
NXE,failed: empty statements, probably rate limited
BLTE,failed: empty statements, probably rate limited
COGT,failed: empty statements, probably rate limited
ORKA,failed: empty statements, probably rate limited
MAU.TO,failed: empty statements, probably rate limited
ERAS,failed: empty statements, probably rate limited
DFTX,failed: empty statements, probably rate limited
CELC,failed: empty statements, probably rate limited
DYN,failed: empty statements, probably rate limited
EWTX,failed: empty statements, probably rate limited
ELVN,failed: empty statements, probably rate limited
SKE,failed: empty statements, probably rate limited
VKTX,failed: empty statements, probably rate limited
SA,failed: empty statements, probably rate limited
GPCR,failed: empty statements, probably rate limited
QS,failed: empty statements, probably rate limited
PPTA,failed: empty statements, probably rate limited
IRON,failed: empty statements, probably rate limited
VERA,failed: empty statements, probably rate limited
PHVS,failed: empty statements, probably rate limited
MLYS,failed: empty statements, probably rate limited
TRVI,failed: empty statements, probably rate limited
BHVN,failed: empty statements, probably rate limited
KOD,failed: empty statements, probably rate limited
PVLA,failed: empty statements, probably rate limited